text,label
Energy independence requires utilizing all domestic energy resources.,right
Both parties need to work together on comprehensive immigration policy.,center
Gun policy should balance public safety with constitutional rights.,center
Media outlets should strive for balanced and factual reporting.,center
Gun violence requires immediate action through strict weapon regulations.,left
The progressive policies will transform America for the better and create equality.,left
Budget policy should prioritize essential services while controlling debt.,center
Immigration reform should provide pathways to citizenship for all.,left
The government should expand social programs to help working families.,left
Environmental policies must balance economic and ecological concerns.,center
Immigration policy requires both compassion and border security.,center
Lower taxes stimulate economic growth and benefit all income levels.,right
Education policy should support both public and private school options.,center
Right-to-work laws protect individual freedom and economic competitiveness.,right
Climate change demands rapid transition to renewable energy sources.,left
Fiscal responsibility requires reducing government spending and debt.,right
Private healthcare systems deliver better outcomes than government programs.,right
Education funding should prioritize public schools and teacher pay.,left
Corporate tax cuts are essential for economic growth and job creation.,right
Border security must be strengthened before considering immigration reform.,right
Universal healthcare is a fundamental right that government must provide.,left
