source,author,title,description,url,urlToImage,publishedAt,content
"{'id': None, 'name': 'pymnts.com'}",PYMNTS,Expedia Sees Fast-Growing Traffic From Chatbots,"Expedia Group is embedding artificial intelligence (AI) across its business, using the technology to sharpen personalized travel recommendations, improve customer service and boost operational efficiency. [contact-form-7] “We’re using AI everywhere,” CEO Aria…",http://www.pymnts.com/earnings/2025/expedia-sees-fast-growing-traffic-from-chatbots/,https://www.pymnts.com/wp-content/uploads/2023/12/Expedia.jpg,2025-08-07T23:57:33Z,"Expedia Group is embedding artificial intelligence (AI) across its business, using the technology to sharpen personalized travel recommendations, improve customer service and boost operational effici… [+4175 chars]"
"{'id': None, 'name': 'SiliconANGLE News'}",Mike Wheatley,"JFrog posts strong revenue growth and lifts its full-year forecast, and its stock jumps",Shares JFfrog Ltd. hit their highest value in almost four years today after the software development company revealed strong revenue growth and raised its guidance for the full year. The company reported second-quarter earnings before certain costs such as st…,https://siliconangle.com/2025/08/07/jfrog-posts-strong-revenue-growth-lifts-full-year-forecast-stock-jumps/,https://d15shllkswkct0.cloudfront.net/wp-content/blogs.dir/1/files/2025/08/image_2023-08-05_081640472.png,2025-08-07T23:44:56Z,"Shares JFfrog Ltd. hit their highest value in almost four years today after the software development company revealed strong revenue growth and raised its guidance for the full year.
The company rep… [+5254 chars]"
"{'id': None, 'name': 'SiliconANGLE News'}",Duncan Riley,Atlassian tops estimates with strong cloud and subscription growth,Shares in Atlassian Corp. were up slightly in after-hours trading today after the Australian collaboration software company reported earnings and revenue beats in its fiscal fourth quarter but just fell short of expectations with its revenue outlook. For the …,https://siliconangle.com/2025/08/07/atlassian-tops-estimates-strong-cloud-subscription-growth/,https://d15shllkswkct0.cloudfront.net/wp-content/blogs.dir/1/files/2022/04/atlassian-1-1.png,2025-08-07T23:42:57Z,Shares in Atlassian Corp. were up slightly in after-hours trading today after the Australian collaboration software company reported earnings and revenue beats in its fiscal fourth quarter but just f… [+4749 chars]
"{'id': None, 'name': 'CNBC'}",,Tesla exec leading development of chip tech and Dojo supercomputer is leaving company,"Pete Bannon, who joined Tesla from Apple in 2016, is leaving the electric vehicle maker.",https://www.cnbc.com/2025/08/07/tesla-vp-pete-bannon-developing-chip-tech-dojo-supercomputer-leaving.html,https://image.cnbcfm.com/api/v1/image/108035359-1726592276003-CNBC_AI_Insights_Elon_Supercomputers_Thumbnail_CLEAN.png?v=1726592511&w=1920&h=1080,2025-08-07T23:42:06Z,"Tesla's vice president of hardware design engineering, Pete Bannon, is leaving the company after first joining in 2016 from Apple, CNBC has confirmed.
Bannon was leading the development of Tesla's D… [+2697 chars]"
"{'id': 'cbs-news', 'name': 'CBS News'}",CBS News,How artificial intelligence is ushering in a new era of cybercrime,"Cybercriminals are increasingly weaponizing artificial intelligence, according to cybersecurity company CrowdStrike's ""2025 Threat Hunting Report."" Adam Meyers, senior vice president of counter adversary operations at CrowdStrike, joins ""The Takeout"" to expla…",https://www.cbsnews.com/video/how-artificial-intelligence-ushering-in-new-era-cybercrime/,https://assets3.cbsnewsstatic.com/hub/i/r/2025/08/07/c2244373-b130-4214-9012-f5492254b5c2/thumbnail/1200x630/84ea6ccf65df9d29b31f78208fee7b0b/cbsn-fusion-how-artificial-intelligence-ushering-in-new-era-cybercrime-thumbnail.jpg,2025-08-07T23:27:00Z,Copyright ©2025 CBS Interactive Inc. All rights reserved.
"{'id': None, 'name': 'Biztoc.com'}",pymnts.com,OpenAI’s New GPT-5 Can Write Software on Demand,"launched GPT-5, its most advanced language model to date, calling it a leap toward artificial general intelligence (AGI) and a transformative tool for businesses, developers and everyday users.
 
 [contact-form-7]
 
 
“GPT-5 is a major upgrade over GPT-4 and …",https://biztoc.com/x/de9cf88e605d1d84,https://biztoc.com/cdn/950/og.png,2025-08-07T23:20:46Z,"launched GPT-5, its most advanced language model to date, calling it a leap toward artificial general intelligence (AGI) and a transformative tool for businesses, developers and everyday users.
[con… [+138 chars]"
"{'id': None, 'name': 'Onefootball.com'}",, CRB and Cruzeiro announce line-ups for Copa do Brasil clash,"CRB and Cruzeiro are set to face off in the return leg of the Copa do Brasil round of 16. The match kicks off at 9 pm (Brasília time) this Thursday (7), at the Rei Pelé Stadium in Maceió.In the fi...",https://onefootball.com/en/news/crb-and-cruzeiro-announce-line-ups-for-copa-do-brasil-clash-41481975,https://photobooth-api.onefootball.com/api/screenshot/%2Fv2%2Fphotobooth%2Fcms%2Fen%2F41481975%3Fdate=2025-08-07,2025-08-07T23:07:00Z,"CRB and Cruzeiro are set to face off in the return leg of the Copa do Brasil round of 16. The match kicks off at 9 pm (Brasília time) this Thursday (7), at the Rei Pelé Stadium in Maceió.
In the fir… [+1033 chars]"
"{'id': None, 'name': 'New Zealand Herald'}",Chris Keall,Six reasons why Spark could get its shine back at its full-year result – Tech Insider,But analysts still expect the telco's dividend to be squeezed.,https://www.nzherald.co.nz/business/companies/telecommunications/six-reasons-why-spark-could-get-its-shine-back-at-its-full-year-result-tech-insider/EDO76XQN4NBZ5PJSSJCO2J4UZA/,https://www.nzherald.co.nz/resizer/v2/NOQA3VFAIVDFJP24RHIRNQT6WY.jpg?auth=c03dd628f55dfdddc88868824f1589f2905f835da781ba013221a6ad573f979c&width=1200&height=675&quality=70&focal=729%2C921&smart=false,2025-08-07T23:00:00Z,"Spark shares were recently trading at $2.50 for a $4.7 billion market cap. The stock is down 43% for the year. 
Spark will announce its earnings for the year to June 30 on August 20.
Tech Insider s… [+5752 chars]"
"{'id': None, 'name': 'Slashdot.org'}",BeauHD,Amazon's Cloud Business Giving Federal Agencies Up To $1 Billion In Discounts,"Amazon Web Services has struck a deal with the U.S. government to provide up to $1 billion in cloud service discounts through 2028. CNBC reports: The agreement is expected to speed up migration to the cloud, as well as adoption of artificial intelligence tool…",https://yro.slashdot.org/story/25/08/07/2137222/amazons-cloud-business-giving-federal-agencies-up-to-1-billion-in-discounts,https://a.fsdn.com/sd/topics/cloud_64.png,2025-08-07T22:50:00Z,"The agreement is expected to speed up migration to the cloud, as well as adoption of artificial intelligence tools, the General Services Administration said. ""AWS's partnership with GSA demonstrates … [+446 chars]"
"{'id': None, 'name': 'Yahoo Entertainment'}",Reuters,Motorola Solutions raises annual revenue forecast on steady demand,"Government agencies and businesses have been making efforts to strengthen their security and communication infrastructure, aiming to prevent disruptions to...",https://finance.yahoo.com/news/motorola-solutions-raises-annual-revenue-224610600.html,https://media.zenfs.com/en/reuters-finance.com/189dde52f3fb8dfd02c84c784bcff7cd,2025-08-07T22:46:10Z,"(Reuters) -Safety and enterprise security services provider Motorola Solutions raised annual revenue forecast on Thursday, driven by robust demand for its safety and security solutions.
Government a… [+1767 chars]"
"{'id': None, 'name': 'New Zealand Herald'}",Jamie Beaton,NCEA is broken and scrapping it is the right call - Jamie Beaton,OPINION: It is time to level up our learning system and step into the future.,https://www.nzherald.co.nz/business/ncea-is-broken-and-scrapping-it-is-the-right-call-jamie-beaton/7BSFAWPY45DCZLA57H6UZN6ZWM/,https://www.nzherald.co.nz/resizer/v2/5G7OFT4ZKBEGPN55MHITL45PBA.jpg?auth=82793edb025c2711c59c216f5e4bbd12d9c07c2bbe8297e5d751a4d8a07634e4&width=1200&height=675&quality=70&focal=937%2C432&smart=false,2025-08-07T22:31:02Z,"Across New Zealand, some NCEA students use Chat-GPT to generate many of their assignments, internals and homework, often able to pass entire years while skipping exams. In the artificial intelligence… [+5520 chars]"
"{'id': None, 'name': 'Psychology Today'}",Cornelia C. Walther Ph.D.,Can We Use the Algorithmic Lever for Climate Change?,"The climate crisis demands a united front. AI's persuasive potential could steer humanity toward a sustainable future or, conversely, entrench us deeper into denial.",https://www.psychologytoday.com/us/blog/harnessing-hybrid-intelligence/202507/can-we-use-the-algorithmic-lever-for-climate-change,https://cdn2.psychologytoday.com/assets/styles/manual_crop_1_91_1_1528x800/public/teaser_image/blog_entry/2025-07/ChatGPT%20Image%20Jul%2030%2C%202025%2C%2002_28_24%20PM.png.jpg?itok=6uMyRPGk,2025-08-07T22:30:39Z,"As humanity confronts the escalating climate crisis, the imperative for collective pro-planetary action has never been more urgent. Shifting individual behaviors, challenging entrenched societal norm… [+8255 chars]"
"{'id': None, 'name': 'Slate Magazine'}",Nitish Pahwa,The Real Reason Disney Is Killing Hulu,It’s bad news for movie and TV lovers everywhere.,https://slate.com/technology/2025/08/disney-plus-hulu-netflix-streaming-wars.html,https://compote.slate.com/images/a5e20f72-7321-4099-95e0-07685c23f62f.jpeg?crop=1560%2C1040%2Cx0%2Cy0&width=1560,2025-08-07T22:30:19Z,"Sign up for the Slatest to get the most insightful analysis, criticism, and advice out there, delivered to your inbox daily.
Approximately two months ago, Disney closed a deal with Comcast, the pare… [+9922 chars]"
"{'id': None, 'name': 'The Atlantic'}",Matteo Wong,The New ChatGPT Resets the AI Race,"With GPT-5, OpenAI is making its strongest effort yet to hook users.",https://www.theatlantic.com/technology/archive/2025/08/gpt-5-launch/683791/,https://cdn.theatlantic.com/thumbor/qfnJ45w5J_SMquvXpY9GE_-ds4I=/0x43:2000x1085/1200x625/media/img/mt/2025/08/2025_08_07_chatgpt_mpg/original.jpg,2025-08-07T22:22:42Z,"Yesterday evening, Sam Altman shared an image of the Death Star on X. There was no caption on the picture, which showed the world-destroying Star Wars space station rising over an Earth-like planet, … [+7684 chars]"
"{'id': None, 'name': 'Lesswrong.com'}",GradientDissenter,METR's Evaluation of GPT-5,"Published on August 7, 2025 10:17 PM GMTMETR (where I work, though I'm cross-posting in a personal capacity) evaluated GPT-5 before it was externally deployed. We performed a much more comprehensive safety analysis than we ever have before; it feels like pre-…",https://www.lesswrong.com/posts/SuvWoLaGiNjPDcA7d/metr-s-evaluation-of-gpt-5,"https://res.cloudinary.com/lesswrong-2-0/image/upload/f_auto,q_auto/v1/mirroredImages/SuvWoLaGiNjPDcA7d/nkuyhfdfen6k2qvkd3se",2025-08-07T22:17:42Z,"METR (where I work, though I'm cross-posting in a personal capacity) evaluated GPT-5 before it was externally deployed. We performed a much more comprehensive safety analysis than we ever have before… [+45401 chars]"
"{'id': None, 'name': 'Forbes'}","Lance Eliot, Contributor, 
 Lance Eliot, Contributor
 https://www.forbes.com/sites/lanceeliot/",GPT-5 Is Launched But Set Aside Your Expectations That This Was Going To Be Either AGI Or Artificial Superintelligence Since It Clearly Isn’t,"I take a look at GPT-5, newly released today, and provide some initial comments. It is a handy improvement. But it surely isn't AGI or ASI. Here's the AI Insider scoop.",https://www.forbes.com/sites/lanceeliot/2025/08/07/gpt-5-is-launched-but-set-aside-your-expectations-that-this-was-going-to-be-either-agi-or-artificial-superintelligence-since-it-clearly-isnt/,https://imageio.forbes.com/specials-images/imageserve/6895221e558dbe3c44f42a10/0x0.jpg?format=jpg&height=900&width=1600&fit=bounds,2025-08-07T22:11:01Z,"OpenAI releases GPT-5, which has handy improvements, but a close look reveals it isn't AGI and not even close to artificial superintelligence (ASI).
getty
In todays column, I examine the newly laun… [+13696 chars]"
"{'id': None, 'name': 'Onefootball.com'}",, Copa do Brasil: Vasco line-up to face CSA and chase a quarter-final spot,"Vasco hosts CSA at São Januário this Thursday (7th), at 8 PM (Brasília time), for the second leg of the Copa do Brasil round of 16. Since the first leg ended 0 x 0, whoever wins will secure a spot...",https://onefootball.com/en/news/copa-do-brasil-vasco-line-up-to-face-csa-and-chase-a-quarter-final-spot-41481881,https://photobooth-api.onefootball.com/api/screenshot/%2Fv2%2Fphotobooth%2Fcms%2Fen%2F41481881%3Fdate=2025-08-07,2025-08-07T22:10:00Z,"Vasco hosts CSA at São Januário this Thursday (7th), at 8 PM (Brasília time), for the second leg of the Copa do Brasil round of 16.
Since the first leg ended 0 x 0, whoever wins will secure a spot i… [+580 chars]"
"{'id': 'fox-news', 'name': 'Fox News'}",,Forget SEO: How to get found by AI tools in 2025,"SEO is dead, and its replacements are here to stay. Here's how to stay visible as AI takes the internet in an unprecedented new direction.",https://www.foxnews.com/tech/forget-seo-how-get-found-ai-tools-2025,https://static.foxnews.com/foxnews.com/content/uploads/2025/08/google-ai-tools-2025-fox-news-001.jpg,2025-08-07T22:07:24Z,"Three years ago, I said Google was going the way of the dial-up modem. People called me crazy with a capital K. Well, I was spot on.  We dont use the web the same way anymore. 
Were giving away a ne… [+3393 chars]"
"{'id': None, 'name': 'Biztoc.com'}",marketwatch.com,"Vistra sees electricity demand trending like it’s the 1990s, fueled by AI and crypto","Vistra Corp.’s stock rose Thursday after the power company lifted its estimate for potential profitability next year, citing the rising demand for electricity to power data centers used for artificial intelligence and the mining of cryptocurrencies.",https://biztoc.com/x/d98b16270f18dd2c,https://biztoc.com/cdn/950/og.png,2025-08-07T22:03:02Z,"Vistra Corp.s stock rose Thursday after the power company lifted its estimate for potential profitability next year, citing the rising demand for electricity to power data centers used for artificial… [+110 chars]"
"{'id': None, 'name': 'Onefootball.com'}",," Vlahovic to stay, new Jashari deal and Roma’s big move: transfer news ","On the day the Ballon d'Or nominees were revealed (here's the list) and the deal between Sesko and Manchester United was finalized, the transfer market continues in Serie A as well.Watch all of Napoli...",https://onefootball.com/en/news/vlahovic-to-stay-new-jashari-deal-and-romas-big-move-transfer-news-41480151,https://photobooth-api.onefootball.com/api/screenshot/%2Fv2%2Fphotobooth%2Fcms%2Fen%2F41480151%3Fdate=2025-08-07,2025-08-07T22:02:00Z,"On the day the Ballon d'Or nominees were revealed (here's the list) and the deal between Sesko and Manchester United was finalized, the transfer market continues in Serie A as well.
Watch all of Nap… [+4370 chars]"
"{'id': None, 'name': 'pymnts.com'}",PYMNTS,OpenAI’s New GPT-5 Can Write Software on Demand,"OpenAI on Thursday (Aug. 7) launched GPT-5, its most advanced language model to date, calling it a leap toward artificial general intelligence (AGI) and a transformative tool for businesses, developers and everyday users. [contact-form-7] “GPT-5 is a major up…",http://www.pymnts.com/news/artificial-intelligence/2025/openai-new-gpt-5-can-write-software-demand/,https://www.pymnts.com/wp-content/uploads/2025/08/OpenAI-artificial-intelligence-ChatGPT.jpg,2025-08-07T21:58:23Z,"OpenAI on Thursday (Aug. 7) launched GPT-5, its most advanced language model to date, calling it a leap toward artificial general intelligence (AGI) and a transformative tool for businesses, develope… [+5527 chars]"
"{'id': 'financial-post', 'name': 'Financial Post'}",Bloomberg News,"Pinterest Shares Fall After Earnings Miss, Slowing US User Growth","Pinterest Inc. reported second-quarter sales that beat analysts’ expectations, but earnings for the second quarter were less than Wall Street expected and user growth in the US and Canada, the company’s most lucrative market, was flat. The stock dropped by as…",https://financialpost.com/pmn/business-pmn/pinterest-shares-fall-after-earnings-miss-slowing-us-user-growth,https://smartcdn.gprod.postmedia.digital/financialpost/wp-content/uploads/2025/08/pinterest-revenue-pinterest-expects-revenue-of-1-03b-to-1.jpg,2025-08-07T21:55:18Z,"(Bloomberg) Pinterest Inc. reported second-quarter sales that beat analysts expectations, but earnings for the second quarter were less than Wall Street expected and user growth in the US and Canada,… [+4599 chars]"
"{'id': None, 'name': 'Biztoc.com'}",cbsnews.com,OpenAI unveils ChatGPT‑5. Here's what to know about the latest version of the AI-powered chatbot,"A new version of ChatGPT has arrived that OpenAI CEO Sam Altman promises will have Ph.D-level smarts.
OpenAI on Thursday announced the release of GPT‑5, which it calls its ""smartest, fastest and most useful model yet.""
The artificial intelligence company that…",https://biztoc.com/x/20371a63c315c601,https://biztoc.com/cdn/20371a63c315c601_s.webp,2025-08-07T21:52:03Z,"A new version of ChatGPT has arrived that OpenAI CEO Sam Altman promises will have Ph.D-level smarts.OpenAI on Thursday announced the release of GPT5, which it calls its ""smartest, fastest and most u… [+147 chars]"
"{'id': None, 'name': 'Biztoc.com'}",wsj.com,"AI Is Here, and a Quiet Havoc Has Begun",Everyone knows artificial intelligence will destroy a lot of jobs—but not how soon it is going to happen.,https://biztoc.com/x/d0c0af62485e0f65,https://biztoc.com/cdn/950/og.png,2025-08-07T21:52:00Z,"Everyone knows artificial intelligence will destroy a lot of jobsbut not how soon it is going to happen.
This story appeared on wsj.com, 2025-08-07 21:45:00."
"{'id': None, 'name': 'Biztoc.com'}",bostonherald.com,Roblox rolls out open-source AI system to protect kids from predators in chats,"By BARBARA ORTUTAY
Roblox, the online gaming platform wildly popular with children and teenagers, is rolling out an open-source version of an artificial intelligence system it says can help preemptively detect predatory language in game chats.
Related Article…",https://biztoc.com/x/490d9030cc7acf72,https://biztoc.com/cdn/490d9030cc7acf72_s.webp,2025-08-07T21:51:48Z,"By BARBARA ORTUTAYRoblox, the online gaming platform wildly popular with children and teenagers, is rolling out an open-source version of an artificial intelligence system it says can help preemptive… [+138 chars]"
"{'id': None, 'name': 'Forbes'}","John Navin, Contributor, 
 John Navin, Contributor
 https://www.forbes.com/sites/johnnavin/",These 5 Stock Market Key Indicators Show Key Problems: Take A Look,"A stock market is due for a correction when metrics used to read it show extreme, near-extreme or unusual readings. No guarantee exists that continued buying will end.",https://www.forbes.com/sites/johnnavin/2025/08/07/these-5-stock-market-key-indicators-show-key-problems-take-a-look/,https://imageio.forbes.com/specials-images/imageserve/68951eafc4b4fbc53788d59e/0x0.jpg?format=jpg&height=900&width=1600&fit=bounds,2025-08-07T21:51:47Z,"A stock market is due for a correction when the metrics used to read it show extreme, near-extreme or unusual readings. There is no guarantee that such conditions will lead to selling. Its entirely p… [+2913 chars]"
"{'id': None, 'name': 'pymnts.com'}",PYMNTS,Apps and Digital Deals Connect With Cautious Consumers in Q2,"Fast-food chains are still ringing up sales, but the diners they serve look different from a year ago. [contact-form-7] McDonald’s said this week that profit for the spring quarter rose 11% to $2.25 billion, helped by a 3.8% gain in worldwide same-store sales…",http://www.pymnts.com/mobile-applications/2025/apps-and-digital-deals-connect-with-cautious-consumers-in-q2/,https://www.pymnts.com/wp-content/uploads/2025/08/QSRs-MacDonalds-app.jpg,2025-08-07T21:45:49Z,"Fast-food chains are still ringing up sales, but the diners they serve look different from a year ago.McDonalds said this week that profit for the spring quarter rose 11% to $2.25 billion, helped by … [+3071 chars]"
"{'id': None, 'name': 'OCRegister'}",Associated Press,Roblox rolls out open-source AI system to protect kids from predators in chats,Roblox rolls out open-source AI system to protect kids from predators in chatsocregister.com,https://www.ocregister.com/2025/08/07/roblox-sentinel-ai-child-predators/,https://www.ocregister.com/wp-content/uploads/2025/08/Roblox-Grow_a_Garden_54920.jpg?w=1024&h=768,2025-08-07T21:42:22Z,"By BARBARA ORTUTAY
Roblox, the online gaming platform wildly popular with children and teenagers, is rolling out an open-source version of an artificial intelligence system it says can help preempti… [+3845 chars]"
"{'id': None, 'name': 'Biztoc.com'}",bostonherald.com,"OpenAI launches GPT-5, a potential barometer for whether AI hype is justified","By MATT O’BRIEN
OpenAI on Thursday released the fifth generation of the artificial intelligence technology that powers ChatGPT, a product update that’s being closely watched as a measure of whether generative AI is advancing rapidly or hitting a plateau.
Rela…",https://biztoc.com/x/b6da5ee6d77a7d92,https://biztoc.com/cdn/b6da5ee6d77a7d92_s.webp,2025-08-07T21:40:43Z,"By MATT OBRIENOpenAI on Thursday released the fifth generation of the artificial intelligence technology that powers ChatGPT, a product update thats being closely watched as a measure of whether gene… [+140 chars]"
"{'id': None, 'name': 'Boston Herald'}",Associated Press,Roblox rolls out open-source AI system to protect kids from predators in chats,"The AI system, called Sentinel, helps detect early signs of possible child endangerment.",https://www.bostonherald.com/2025/08/07/roblox-sentinel-ai-child-predators/,https://www.bostonherald.com/wp-content/uploads/2025/08/Roblox-Grow_a_Garden_54920.jpg?w=1024&h=768,2025-08-07T21:34:11Z,"By BARBARA ORTUTAY
Roblox, the online gaming platform wildly popular with children and teenagers, is rolling out an open-source version of an artificial intelligence system it says can help preempti… [+3845 chars]"
"{'id': None, 'name': 'TheStreet'}",Silin Chen,Veteran fund manager turns heads with Palantir stock price target,Here’s what could be next for Palantir stock.,https://www.thestreet.com/investing/veteran-fund-manager-turns-heads-with-palantir-stock-price-target,https://media.zenfs.com/en/thestreet_881/19031f52ca82735e14756dfe7af4ba65,2025-08-07T21:33:00Z,"Veteran fund manager turns heads with Palantir stock price target originally appeared on TheStreet.
Palantir wont pause here. The stock just reached a new all-time high, closing at $179.54 on July 7… [+4592 chars]"
"{'id': None, 'name': 'Boston Herald'}",Associated Press,"OpenAI launches GPT-5, a potential barometer for whether AI hype is justified",GPT-5 arrives more than two years after the March 2023 release of GPT-4.,https://www.bostonherald.com/2025/08/07/openai-launches-gpt5/,https://www.bostonherald.com/wp-content/uploads/2025/08/ChatGPT_Vulnerable_Teens_85149_2aadca-1.jpg?w=1024&h=682,2025-08-07T21:28:04Z,"By MATT OBRIEN
OpenAI on Thursday released the fifth generation of the artificial intelligence technology that powers ChatGPT, a product update thats being closely watched as a measure of whether ge… [+4192 chars]"
"{'id': None, 'name': 'The Daily Caller'}",Caden Olson,FCC Chair Brendan Carr Tells DISH Network To Nix DEI Policies Or Face The Music,"Federal Communications Commission (FCC) Chairman Brendan Carr warned satellite television company DISH Network L.L.C. (“DISH”) that noncompliance with the agency’s directive to end diversity, equity, and inclusion (DEI) policies could potentially warrant inve…",https://dailycaller.com/2025/08/07/brendan-carr-dish-network-dei/,"https://images.dailycaller.com/image/width=1280,height=549,fit=cover,format=webp,f=auto/https://cdn01.dailycaller.com/wp-content/uploads/2025/08/GettyImages-2185634376-scaled-e1754594357541.jpg",2025-08-07T21:26:40Z,"Federal Communications Commission (FCC) Chairman Brendan Carr warned satellite television company DISH Network L.L.C. (“DISH”) that noncompliance with the agency’s directive to end diversity, equity,… [+4562 chars]"
"{'id': None, 'name': 'Japan Today'}",,"OpenAI releases GPT-5, a potential barometer for whether artificial intelligence hype is justified","OpenAI has released the fifth generation of the artificial intelligence technology that powers ChatGPT, a product update that's being closely watched as a measure of whether generative AI is advancing rapidly or hitting a plateau.  GPT-5 arrives more than two…",https://japantoday.com/category/tech/openai-releases-gpt-5-a-potential-barometer-for-whether-artificial-intelligence-hype-is-justified,,2025-08-07T21:22:03Z,"OpenAI has released the fifth generation of the artificial intelligence technology that powers ChatGPT, a product update that's being closely watched as a measure of whether generative AI is advancin… [+1670 chars]"
"{'id': None, 'name': 'Japan Today'}",,SoftBank Group sees better fortunes on surging AI stocks,"Japanese technology conglomerate SoftBank Group Corp. posted a 421.8 billion yen ($2.9 billion) profit in the April-June quarter, rebounding from a loss a year earlier as its investments benefited from the craze for artificial intelligence. Quarterly sales at…",https://japantoday.com/category/tech/softbank-group-sees-better-fortunes-on-surging-ai-stocks,,2025-08-07T21:21:47Z,"Japanese technology conglomerate SoftBank Group Corp. posted a 421.8 billion yen ($2.9 billion) profit in the April-June quarter, rebounding from a loss a year earlier as its investments benefited fr… [+1671 chars]"
"{'id': None, 'name': 'GOOD Magazine'}",Mark Wales,Fascinating video reveals the 3 ways AI is improving healthcare—with 1 major concern,"Many people are concerned about artificial intelligence these days. Has this technology arrived to save or destroy us? Unfortunately, it's completely unanswerable at the moment, regardless of opinion. However, when it comes to medicine, AI can definitely help…",https://www.good.is/ai-in-medicine-isn-t-science-fiction-anymore,https://www.good.is/media-library/youtube-ai-artificial-intelligence-healthcare-abc-news-doctors-patients-videos.jpg?id=61440721&width=1200&height=600&coordinates=0%2C150%2C0%2C150,2025-08-07T21:21:38Z,"Many people are concerned about artificial intelligence these days. Has this technology arrived to save or destroy us? Unfortunately, it's completely unanswerable at the moment, regardless of opinion… [+6354 chars]"
"{'id': None, 'name': 'SiliconANGLE News'}",Kyt Dotson,"OpenAI unveils GPT-5, a new flagship AI model with high accuracy and coding power","In a highly-anticipated announcement today, OpenAI released GPT-5, the company’s most recent state-of-the-art artificial intelligence model that outperforms previous models on intelligence benchmarks and answers questions which high accuracy. “GPT-5 is a majo…",https://siliconangle.com/2025/08/07/openai-unveils-gpt-5-new-flagship-ai-model-high-accuracy-coding-power/,https://d15shllkswkct0.cloudfront.net/wp-content/blogs.dir/1/files/2025/08/P2_1__1_.png,2025-08-07T21:15:08Z,"In a highly-anticipated announcement today, OpenAI released GPT-5, the companys most recent state-of-the-art artificial intelligence model that outperforms previous models on intelligence benchmarks … [+7497 chars]"
"{'id': None, 'name': 'Windows Central'}","kevinokemwa@outlook.com (Kevin Okemwa) , Kevin Okemwa",Google Takes Aim at Apple's AI Missteps in Hilarious New Pixel 10 Advertisement,Google capitalized on Apple's misfortunes with AI in a hilarious advertisement for its upcoming flagship Pixel 10 phone.,https://www.windowscentral.com/artificial-intelligence/google-takes-aim-at-apples-ai-missteps-in-new-hilarious-pixel-10-advertisement,https://cdn.mos.cms.futurecdn.net/SaT5LAELXX5UkVT7sz5vKY.jpg,2025-08-07T21:13:00Z,"Apple's ""Think Different"" and ""not first, but best"" have been its worst enemies in the generative AI landscape. While its competitors like Microsoft, NVIDIA, and Google are making bank in the ever-ev… [+3175 chars]"
"{'id': None, 'name': 'Nextgov'}",Alexandra Kelley,"Emerging tech can be a ‘double-edged-sword’ for agencies, experts warn","Safely incorporating emerging systems like artificial intelligence and quantum computing demand the overhaul of legacy systems and rigorous cyber hygiene, federal officials say.",https://www.nextgov.com/emerging-tech/2025/08/emerging-tech-can-be-double-edged-sword-agencies-experts-warn/407302/,https://cdn.nextgov.com/media/img/cd/2025/08/07/080725emergingtechNG/open-graph.jpg,2025-08-07T21:10:00Z,Leveraging emerging technologies like artificial intelligence and quantum information sciences into safeguarding existing digital networks and amplifying workflows can increase both benefits and risk… [+3836 chars]
"{'id': None, 'name': 'GlobeNewswire'}","Roper Technologies, Inc.","Roper Technologies Prices Public Offering Of $500 Million Senior Unsecured Notes Due 2028, $500 Million Senior Unsecured Notes Due 2030, $1 Billion Senior Unsecured Notes Due 2035","SARASOTA, Fla., Aug. 07, 2025 (GLOBE NEWSWIRE) -- Roper Technologies, Inc. (Nasdaq: ROP) (the “Company”) announced today the pricing of its public offering of $500 million of 4.250% Senior Notes due 2028 (the “2028 notes”), $500 million of 4.450% Senior Notes…",https://www.globenewswire.com/news-release/2025/08/07/3129826/0/en/Roper-Technologies-Prices-Public-Offering-Of-500-Million-Senior-Unsecured-Notes-Due-2028-500-Million-Senior-Unsecured-Notes-Due-2030-1-Billion-Senior-Unsecured-Notes-Due-2035.html,https://ml.globenewswire.com/Resource/Download/166fe451-a196-466c-be83-e23323ba6ad1,2025-08-07T21:04:00Z,"SARASOTA, Fla., Aug. 07, 2025 (GLOBE NEWSWIRE) -- Roper Technologies, Inc. (Nasdaq: ROP) (the Company) announced today the pricing of its public offering of $500 million of 4.250% Senior Notes due 20… [+8894 chars]"
"{'id': None, 'name': 'Onefootball.com'}",,"Neymar shares video of stunning goal in Santos training, watch here ",Neymar's positive moment seems to be accompanying him in Santos' training sessions as well.The player posted a video on social media this Thursday (7th) showing a stunning goal scored at CT Rei Pelé....,https://onefootball.com/en/news/neymar-shares-video-of-stunning-goal-in-santos-training-watch-here-41481675,https://photobooth-api.onefootball.com/api/screenshot/%2Fv2%2Fphotobooth%2Fcms%2Fen%2F41481675%3Fdate=2025-08-07,2025-08-07T21:00:00Z,"Neymar's positive moment seems to be accompanying him in Santos' training sessions as well.
The player posted a video on social media this Thursday (7th) showing a stunning goal scored at CT Rei Pel… [+738 chars]"
"{'id': None, 'name': 'OilPrice.com'}",Haley Zaremba,Why Taiwan’s Power Grid Is a Major National Security Risk,"Taiwan’s energy industry is in grave peril. The nation’s grid is already struggling to keep up with demand, and this Achilles' heel has not gone unnoticed by neighboring China. The island nation is heavily dependent on imports to keep its isolated energy grid…",https://oilprice.com/Energy/Energy-General/Why-Taiwans-Power-Grid-Is-a-Major-National-Security-Risk.html,https://d32r1sh890xpii.cloudfront.net/article/718x300/2025-08-07_pabwhg4cda.jpg,2025-08-07T21:00:00Z,"As Ukraine steps up drone…
The European Union's energy transition…
Lithium prices are not reflecting…
By Haley Zaremba - Aug 07, 2025, 4:00 PM CDTTaiwans energy industry is in grave peril. The nat… [+4186 chars]"
"{'id': None, 'name': 'LancasterOnline'}",CHRIS REBER | Staff Writer,Hearing set to look into zoning approval decision for Lancaster city data centers,A hearing has been set to explore whether Lancaster city officials erred in giving two proposed data centers approval to move forward without a public meeting and vote.,https://lancasteronline.com/news/local/hearing-set-to-look-into-zoning-approval-decision-for-lancaster-city-data-centers/article_8a979fe0-9637-42fb-b3fa-22078961a969.html,https://bloximages.newyork1.vip.townnews.com/lancasteronline.com/content/tncms/assets/v3/editorial/a/b0/ab0ae71a-cc07-4ce8-8bf1-abe08f148a8b/687ff6aa9e720.image.jpg?crop=1763%2C926%2C0%2C124&resize=1200%2C630&order=crop%2Cresize,2025-08-07T21:00:00Z,"A hearing has been set to explore whether Lancaster city officials erred in giving two proposed data centers approval to move forward without a public meeting and vote.
Lancaster City Planning Commi… [+4536 chars]"
"{'id': 'cbs-news', 'name': 'CBS News'}",CBS News,What makes OpenAI's new GPT-5 different from past versions?,"OpenAI on Thursday launched GPT-5, the latest generation of the artificial intelligence technology that powers ChatGPT. OpenAI said the new model is faster and smarter than ever before. Technology journalist Jacob Ward joins CBS News to discuss the release.",https://www.cbsnews.com/video/how-openai-new-gpt-5-different-old-chatgpt-version/,https://assets2.cbsnewsstatic.com/hub/i/r/2025/08/07/1f35a841-c9c6-4d11-92d8-2dd19ec1f344/thumbnail/1200x630/03a06bed03998ad6220e6e2e0b6f14e6/cbsn-fusion-how-openai-new-gpt-5-different-current-chatgpt-model-thumbnail.jpg,2025-08-07T20:59:00Z,Copyright ©2025 CBS Interactive Inc. All rights reserved.
"{'id': None, 'name': 'Gizmodo.com'}",Luc Olinga,The End of Bullshit AI,"OpenAI's new GPT-5 has learned to say three magic words: ""I don't know."" It was also trained to stop flattering you and start giving you facts.",https://gizmodo.com/the-end-of-bullshit-ai-2000640302,https://gizmodo.com/app/uploads/2025/05/OpenAI-ChatGPT-1200x675.jpg,2025-08-07T20:50:47Z,"In every conversation about AI, you hear the same refrains: Yeah, but its amazing, quickly followed by, but it makes stuff up, and you cant really trust it. Even among the most dedicated AI enthusias… [+4551 chars]"
"{'id': None, 'name': 'CNET'}",Jon Reed,GPT-5: Here's What's New in ChatGPT's Big Update,OpenAI said its new generative AI model is a lot faster and smarter than its predecessor.,https://www.cnet.com/tech/services-and-software/gpt-5-heres-whats-new-in-chatgpts-big-update/,https://www.cnet.com/a/img/resize/82dd11289395b6a0373a1073cd95697884443458/hub/2025/08/07/925d7830-a96c-4e97-8b09-0a8bd871c51c/chatgpt5-cnet3.png?auto=webp&fit=crop&height=675&width=1200,2025-08-07T20:50:25Z,"Expect your ChatGPT experience to get faster and smarter today. 
OpenAI updated its flagship line of large language models Thursday, unveiling the GPT-5 generative AI model after months of anticipat… [+6006 chars]"
"{'id': None, 'name': 'CNBC'}",,Omada Health beats on revenue in first earnings report since IPO,The company offers virtual care programs to support patients with chronic conditions.,https://www.cnbc.com/2025/08/07/omada-omda-q2-2025-earnings.html,https://image.cnbcfm.com/api/v1/image/108166252-1751370524711-gettyimages-2219201857-TFSPI_12062025-8145.jpeg?v=1754502539&w=1920&h=1080,2025-08-07T20:47:19Z,"Omada Health reported quarterly results for the first time since its IPO in June.
Here's how the company did based on average analysts' estimates compiled by LSEG:
<ul><li>Loss: Loss per share of 2… [+1611 chars]"
"{'id': None, 'name': 'CNBC'}",,How Tim Cook convinced Trump to drop made-in-USA iPhone — for now,Apple CEO Tim Cook went to the White House to announce plans to spend about $600 billion over four years in the U.S.,https://www.cnbc.com/2025/08/07/apples-tim-cook-convinced-trump-to-drop-made-in-usa-iphone-for-now.html,https://image.cnbcfm.com/api/v1/image/108182984-1754573221880-gettyimages-2228158115-WH_August6_2025.jpeg?v=1754573275&w=1920&h=1080,2025-08-07T20:47:07Z,"President Donald Trump has made clear that he wants Apple to make iPhones in the U.S.
Apple CEO Tim Cook is doing what he can to appease the commander in chief, without making that ultimate concessi… [+7835 chars]"
"{'id': None, 'name': 'Forbes'}","Sabbir Rangwala, Senior Contributor, 
 Sabbir Rangwala, Senior Contributor
 https://www.forbes.com/sites/sabbirrangwala/",Physical AI is Moving Things,"As the title suggests, physical AI is moving things.  The challenge is to harness it judiciously and safely. As one panelist summarized, “move fast responsibly”.",https://www.forbes.com/sites/sabbirrangwala/2025/08/07/physical-ai-is-moving-things/,https://imageio.forbes.com/specials-images/imageserve/688ca9ef8fb1113f0f3f0a74/0x0.jpg?format=jpg&height=900&width=1600&fit=bounds,2025-08-07T20:43:32Z,"Rendition of Unmanned Aerial Vehicles With Self-Organizing Capabilities at Sunset
getty
The Ukraine war, now into its 4th year, is an example of how physical autonomy of low-cost, AI powered weapon… [+13721 chars]"
"{'id': None, 'name': 'pymnts.com'}",PYMNTS,Uber and Lyft Take Divergent Routes Chasing Shared Mobility Platform Goal,"While both Uber and Lyft showed healthy top-line growth and improving fundamentals, their underlying narratives — shared during their Q2 2025 earnings calls — revealed a deeper divergence when it comes to owning the mobility platform layer. [contact-form-7] U…",http://www.pymnts.com/earnings/2025/uber-and-lyft-take-divergent-routes-chasing-shared-mobility-platform-goal/,https://www.pymnts.com/wp-content/uploads/2025/05/Uber-.jpg,2025-08-07T20:42:15Z,"While both Uber and Lyft showed healthy top-line growth and improving fundamentals, their underlying narratives shared during their Q2 2025 earnings calls revealed a deeper divergence when it comes t… [+4547 chars]"
"{'id': None, 'name': 'Winter is Coming'}",William Jones,"Despite his openness to AI, James Cameron still warns of a 'Terminator-style apocalypse'",The Avatar filmmaker is concerned about the future of AI if put into the wrong hands.,https://winteriscoming.net/james-cameron-warns-terminator-style-ai-apocalypse,"https://images2.minutemediacdn.com/image/upload/c_crop,x_1068,y_181,w_2682,h_1508/c_fill,w_1440,ar_1440:810,f_auto,q_auto,g_auto/images/GettyImages/mmsport/385/01k22sdgbzrsaw1f6zct.jpg",2025-08-07T20:38:28Z,"James Cameron owes much of his career to explorations of the kinds of terror that putting too much faith in technology can bring about. 
The film that launched Camerons career back in 1984 was The T… [+3732 chars]"
"{'id': None, 'name': 'CNA'}",,Pinterest beats revenue estimates as AI tools drive ad spend,"Pinterest beat analysts' estimates for second-quarter revenue on Thursday, as increased marketing spend on the platform was fueled by its artificial intelligence-powered advertising tools.However, shares of the company fell around 8.2 per cent in extended tra…",https://www.channelnewsasia.com/business/pinterest-beats-revenue-estimates-ai-tools-drive-ad-spend-5283911,"https://dam.mediacorp.sg/image/upload/s--qe7GJrdJ--/fl_relative,g_south_east,l_mediacorp:cna:watermark:2024-04:reuters_1,w_0.1/f_auto,q_auto/c_fill,g_auto,h_676,w_1200/v1/one-cms/core/2025-08-07t202803z_1_lynxmpel76149_rtroptp_3_pinterest-results.jpg?itok=pwnU12eM",2025-08-07T20:28:03Z,"Pinterest beat analysts' estimates for second-quarter revenue on Thursday, as increased marketing spend on the platform was fueled by its artificial intelligence-powered advertising tools.
However, … [+1382 chars]"
"{'id': None, 'name': 'ZDNet'}",Maria Diaz,Beware of promptware: How researchers broke into Google Home via Gemini,"This was just a demonstration, but you can take steps to protect yourself from similar promptware attacks.",https://www.zdnet.com/article/beware-of-promptware-how-researchers-broke-into-google-home-via-gemini/,https://www.zdnet.com/a/img/resize/6a4edddadac87828c43617c721575f1cfb32a295/2024/04/29/210c61ee-4782-4c5d-b054-4ee67964d4b8/1.jpg?auto=webp&fit=crop&height=675&width=1200,2025-08-07T20:28:00Z,"Maria Diaz/ZDNET
ZDNET's key takeaways
<ul><li>Researchers demonstrated a way to hack Google Home devices via Gemini.</li><li>Google put additional safeguards in place for Gemini in response.</li><… [+3756 chars]"
"{'id': None, 'name': 'Decrypt'}",Jose Antonio Lanz,The GPT-5 Cheat Sheet: 13 Things to Know About OpenAI's Latest AI Leap,GPT-5 is here. OpenAI launched its most advanced language model Thursday. Here’s everything you need to know.,https://decrypt.co/334102/gpt-5-cheat-sheet-13-things-openai-latest-ai-leap,https://cdn.decrypt.co/resize/1024/height/512/wp-content/uploads/2025/08/Screenshot-2025-08-07-165333-gID_7.png,2025-08-07T20:27:12Z,"In brief
<ul><li>GPT-5 launched with unified multimodal powerstext, images, voice, and live videoall in one package; no more juggling separate bots for every task.</li><li>Rollout starts today for a… [+7070 chars]"
"{'id': None, 'name': 'iTnews'}",,WA Health tech leadership sees changing of the guard,Seeks new chief digital officer.,https://www.itnews.com.au/news/wa-health-tech-leadership-sees-changing-of-the-guard-619276,https://i.nextmedia.com.au/News/iStock-880279486.jpg,2025-08-07T20:25:00Z,"Western Australia’s Department of Health is undergoing a shake-up of its technology leadership as it advances a 10-year digital strategy.
The department is recruiting for a “newly established” role … [+1239 chars]"
"{'id': None, 'name': 'SiliconANGLE News'}",Victoria Gayton,What to expect during the Future of Data Platforms Summit: Join theCUBE August 22,"Enterprise artificial intelligence can’t thrive on yesterday’s infrastructure. From real-time analytics to autonomous agents, the demands of modern intelligence require an AI-ready architecture that’s open, federated and flexible by design, not bolted togethe…",https://siliconangle.com/2025/08/07/experts-preview-rise-ai-ready-architecture-futureofdataplatforms/,https://d15shllkswkct0.cloudfront.net/wp-content/blogs.dir/1/files/2025/08/future_of_data_platforms.jpeg,2025-08-07T20:24:51Z,"Enterprise artificial intelligence cant thrive on yesterdays infrastructure. From real-time analytics to autonomous agents, the demands of modern intelligence require an AI-ready architecturethat’s o… [+6181 chars]"
"{'id': None, 'name': 'CNBC'}",,"Instacart tops estimates, issues upbeat outlook",Instacart earnings surpassed Wall Street's estimates and the grocery delivery company shared a strong forecast.,https://www.cnbc.com/2025/08/07/instacart-cart-earnings-q2-2025.html,https://image.cnbcfm.com/api/v1/image/107411565-1715095961087-gettyimages-2004544232-PGONCHAR_1316.jpeg?v=1754593273&w=1920&h=1080,2025-08-07T20:24:39Z,"Instacart second-quarter earnings topped estimates and the grocery delivery company issued strong guidance after the bell Thursday.
Shares jumped 7% in extended trading.
Here's how the company did … [+1529 chars]"
"{'id': None, 'name': 'UPI.com'}",Mike Heuer,"AI-powered Duolingo’s shares’ value grows with earnings, subscribers",The free language-learning app Duolingo grew by nearly a third in value during Thursday's stock trading after its second-quarter earnings exceeded...,https://www.upi.com/Top_News/US/2025/08/07/duolingo-shares/4701754595314/,https://media.zenfs.com/en/united_press_international_articles_356/540a1fe7025fc5b44d8711cf74503058,2025-08-07T20:23:18Z,"Duolingo exceeded its second-quarter earnings projection after using artificial intelligence to add 148 new languages and more daily users. Photo by Duolingo
Aug. 7 (UPI) -- The free language-learni… [+2193 chars]"
"{'id': None, 'name': 'CNET'}",Dashia Milden,Roblox Rolls Out System to Spot Child-Endangerment Chat Messages,"The AI system has detected and reported 1,200 cases to the National Center for Missing and Exploited Children this year.",https://www.cnet.com/tech/gaming/roblox-rolls-out-system-to-spot-child-endangerment-chat-messages/,https://www.cnet.com/a/img/resize/80a7fb7d5948e7b0a260d039b2e31656a987d254/hub/2025/07/17/98013683-3c1e-4b6a-b0c9-8bb972124d00/gettyimages-2198449525.jpg?auto=webp&fit=crop&height=675&width=1200,2025-08-07T20:17:38Z,"Roblox is a popular online gaming platform for children. But it's also a place where people who want to exploit children know they can find an audience. On Thursday, Roblox announced Roblox Sentinel,… [+1907 chars]"
"{'id': None, 'name': 'Techdirt'}",Aliyya Swaby,Middle School Cheerleaders Made A TikTok Video Portraying A School Shooting. They Were Charged With A Crime.,"This story was originally published by ProPublica. Republished under a CC BY-NC-ND 3.0 license. One afternoon in mid-September, a group of middle school girls in rural East Tennessee decided to film a TikTok video while waiting to begin cheerleading practice.…",https://www.techdirt.com/2025/08/07/middle-school-cheerleaders-made-a-tiktok-video-portraying-a-school-shooting-they-were-charged-with-a-crime/,https://www.techdirt.com/wp-content/themes/techdirt/assets/images/td-rect-logo-white.png,2025-08-07T20:16:40Z,"from the criminalization-of-kids-being-kids dept
This story was originally published by ProPublica. Republished under a CC BY-NC-ND 3.0 license.
One afternoon in mid-September, a group of middle sc… [+16451 chars]"
"{'id': None, 'name': 'New York Post'}",Michael Kaplan,An AI version of you could live forever — but who would ‘you’ really be?,"Tech entrepreneurs are happily cashing in on providing AI-powered versions of human beings after the flesh and organs give way to reality. For the most part, it’s been embraced by people who are aging or ill and want to leave versions of themselves behind aft…",https://nypost.com/2025/08/07/us-news/an-ai-version-of-you-could-live-forever-but-who-would-you-really-be/,https://nypost.com/wp-content/uploads/sites/2/2025/08/newspress-collage-ptxbzl1gd-1754597449572.jpg?quality=75&strip=all&1754583181&w=1024,2025-08-07T20:13:05Z,"Living forever was once the stuff of sci-fi fantasy and Oasis song lyrics. No more. A digital recreation of you with no expiration date can be created for those who possess the money and desire.
Tec… [+8970 chars]"
"{'id': 'financial-post', 'name': 'Financial Post'}",GlobeNewswire,Altus Group Reports Q2 2025 Financial Results,"Posts steady recurring revenue growth and margin expansion TORONTO, Aug. 07, 2025 (GLOBE NEWSWIRE) — Altus Group Limited (ʺAltus Group” or “the Company”) (TSX: AIF), a leading provider of commercial real estate (“CRE”) intelligence, announced today its financ…",https://financialpost.com/globe-newswire/altus-group-reports-q2-2025-financial-results,,2025-08-07T20:12:33Z,"Note: Business Outlook presented on a Constant Currency basis over the corresponding period in 2024. Future acquisitions are not factored into this outlook.
Key assumptions for the business outlook … [+8776 chars]"
"{'id': None, 'name': 'Biztoc.com'}",benzinga.com,AdTech-Focused Inuvo Reports Smaller Loss As Sales Jump 25%,"Inuvo Inc. (NYSE:INUV) reported Thursday a second-quarter loss of 10 cents, compared to 12 cents a year ago, which is in line with the consensus estimates.
Net loss for the quarter was $1.5 million compared to a net loss of $1.7 million.
The artificial intell…",https://biztoc.com/x/17c89bf0694b069a,https://biztoc.com/cdn/17c89bf0694b069a_s.webp,2025-08-07T20:11:28Z,"Inuvo Inc. (NYSE:INUV) reported Thursday a second-quarter loss of 10 cents, compared to 12 cents a year ago, which is in line with the consensus estimates.Net loss for the quarter was $1.5 million co… [+139 chars]"
"{'id': None, 'name': 'Biztoc.com'}",pbs.org,OpenAI releases hotly anticipated GPT-5 update,"Expectations are high for the newest version of OpenAI's flagship model because the San Francisco company has long positioned its technical advancements as a path toward artificial general intelligence, or AGI, a technology that is supposed to surpass humans …",https://biztoc.com/x/122fac47b0c33482,https://biztoc.com/cdn/122fac47b0c33482_s.webp,2025-08-07T20:11:25Z,Expectations are high for the newest version of OpenAI's flagship model because the San Francisco company has long positioned its technical advancements as a path toward artificial general intelligen… [+143 chars]
"{'id': None, 'name': 'iTnews'}",,OpenAI launches GPT-5 to all 700m ChatGPT users,"Will be incorporated into Microsoft's GenAI suite, including Copilot",https://www.itnews.com.au/news/openai-launches-gpt-5-to-all-700m-chatgpt-users-619406?utm_source=feed&utm_medium=rss&utm_campaign=iTnews+Technology+feed,https://i.nextmedia.com.au/News/2025-08-07T170216Z_1_LYNXMPEL760ZS_RTROPTP_4_ARTIFICIAL-INTELLIGENCE-OPENAI.JPG,2025-08-07T20:11:00Z,"OpenAI launched its GPT-5 artificial intelligence model, the highly anticipated latest installment of a technology that has helped transform global business and culture.
OpenAI's GPT models are the … [+4915 chars]"
"{'id': None, 'name': 'iTnews'}",,OpenAI launches GPT-5 to 700m ChatGPT users,"Will be incorporated into Microsoft's GenAI suite, including Copilot.",https://www.itnews.com.au/news/openai-launches-gpt-5-to-700m-chatgpt-users-619406?utm_source=feed&utm_medium=rss&utm_campaign=iTnews+Technology+feed,https://i.nextmedia.com.au/News/2025-08-07T170216Z_1_LYNXMPEL760ZS_RTROPTP_4_ARTIFICIAL-INTELLIGENCE-OPENAI.JPG,2025-08-07T20:11:00Z,"OpenAI launched its GPT-5 artificial intelligence model, the highly anticipated latest installment of a technology that has helped transform global business and culture.
OpenAI's GPT models are the … [+4915 chars]"
"{'id': None, 'name': 'iTnews'}",,OpenAI launches GPT-5 to 700m ChatGPT users,"Will be incorporated into Microsoft's GenAI suite, including Copilot.",https://www.itnews.com.au/news/openai-launches-gpt-5-to-700m-chatgpt-users-619406?utm_source=feed&utm_medium=rss&utm_campaign=iTnews+News+feed,https://i.nextmedia.com.au/News/2025-08-07T170216Z_1_LYNXMPEL760ZS_RTROPTP_4_ARTIFICIAL-INTELLIGENCE-OPENAI.JPG,2025-08-07T20:11:00Z,"OpenAI launched its GPT-5 artificial intelligence model, the highly anticipated latest installment of a technology that has helped transform global business and culture.
OpenAI's GPT models are the … [+4915 chars]"
"{'id': None, 'name': 'iTnews'}",,OpenAI launches GPT-5 to all 700m ChatGPT users,"Opens access to OpenAI's test-time compute technology,",https://www.itnews.com.au/news/openai-launches-gpt-5-to-all-700m-chatgpt-users-619406?utm_source=feed&utm_medium=rss&utm_campaign=iTnews+News+feed,https://i.nextmedia.com.au/News/2025-08-07T170216Z_1_LYNXMPEL760ZS_RTROPTP_4_ARTIFICIAL-INTELLIGENCE-OPENAI.JPG,2025-08-07T20:11:00Z,"OpenAI launched its GPT-5 artificial intelligence model, the highly anticipated latest installment of a technology that has helped transform global business and culture.
OpenAI's GPT models are the … [+4718 chars]"
"{'id': None, 'name': 'iTnews'}",,OpenAI launches GPT-5 to all 700m ChatGPT users,"Will be incorporated into Microsoft's GenAI suite, including Copilot",https://www.itnews.com.au/news/openai-launches-gpt-5-to-all-700m-chatgpt-users-619406?utm_source=feed&utm_medium=rss&utm_campaign=iTnews+,https://i.nextmedia.com.au/News/2025-08-07T170216Z_1_LYNXMPEL760ZS_RTROPTP_4_ARTIFICIAL-INTELLIGENCE-OPENAI.JPG,2025-08-07T20:11:00Z,"OpenAI launched its GPT-5 artificial intelligence model, the highly anticipated latest installment of a technology that has helped transform global business and culture.
OpenAI's GPT models are the … [+4915 chars]"
"{'id': None, 'name': 'iTnews'}",,OpenAI launches GPT-5 to 700m ChatGPT users,"Will be incorporated into Microsoft's GenAI suite, including Copilot.",https://www.itnews.com.au/news/openai-launches-gpt-5-to-700m-chatgpt-users-619406?utm_source=feed&utm_medium=rss&utm_campaign=iTnews+Software+feed,https://i.nextmedia.com.au/News/2025-08-07T170216Z_1_LYNXMPEL760ZS_RTROPTP_4_ARTIFICIAL-INTELLIGENCE-OPENAI.JPG,2025-08-07T20:11:00Z,"OpenAI launched its GPT-5 artificial intelligence model, the highly anticipated latest installment of a technology that has helped transform global business and culture.
OpenAI's GPT models are the … [+4915 chars]"
"{'id': None, 'name': 'iTnews'}",,OpenAI launches GPT-5 to 700m ChatGPT users,"Will be incorporated into Microsoft's GenAI suite, including Copilot.",https://www.itnews.com.au/news/openai-launches-gpt-5-to-700m-chatgpt-users-619406?utm_source=feed&utm_medium=rss&utm_campaign=iTnews+,https://i.nextmedia.com.au/News/2025-08-07T170216Z_1_LYNXMPEL760ZS_RTROPTP_4_ARTIFICIAL-INTELLIGENCE-OPENAI.JPG,2025-08-07T20:11:00Z,"OpenAI launched its GPT-5 artificial intelligence model, the highly anticipated latest installment of a technology that has helped transform global business and culture.
OpenAI's GPT models are the … [+4915 chars]"
"{'id': None, 'name': 'iTnews'}",,OpenAI launches GPT-5 to all 700m ChatGPT users,"Opens access to OpenAI's test-time compute technology,",https://www.itnews.com.au/news/openai-launches-gpt-5-to-all-700m-chatgpt-users-619406?utm_source=feed&utm_medium=rss&utm_campaign=iTnews+Software+feed,https://i.nextmedia.com.au/News/2025-08-07T170216Z_1_LYNXMPEL760ZS_RTROPTP_4_ARTIFICIAL-INTELLIGENCE-OPENAI.JPG,2025-08-07T20:11:00Z,"OpenAI launched its GPT-5 artificial intelligence model, the highly anticipated latest installment of a technology that has helped transform global business and culture.
OpenAI's GPT models are the … [+4718 chars]"
"{'id': 'financial-post', 'name': 'Financial Post'}",Business Wire,Expensify Announces Q2 2025 Results,"Total interchange derived from the Expensify Card grew to $5.3 million, an increase of 31% as compared to the same period last year. PORTLAND, Ore. — Expensify, Inc. (Nasdaq: EXFY), a payments superapp that helps individuals and businesses around the world si…",https://financialpost.com/pmn/business-wire-news-releases-pmn/expensify-announces-q2-2025-results,,2025-08-07T20:08:16Z,"An estimate of expected stock-based compensation for the next four fiscal quarters is as follows, which is driven primarily by the pre-IPO grant of RSUs issued to all employees (which vest quarterly … [+16270 chars]"
"{'id': None, 'name': 'CNBC'}",,Doximity buys Pathway Medical for $63 million to help doctors get AI-powered answers,"Pathway's AI-powered clinical reference tool helps doctors answer questions about guidelines, drugs and trials.",https://www.cnbc.com/2025/08/07/doximity-acquires-ai-startup-pathway-medical-for-63-million.html,https://image.cnbcfm.com/api/v1/image/106902134-1624547395601DOCS-OB-Photo-20210624-Press-2-jpg?v=1738881404&w=1920&h=1080,2025-08-07T20:05:01Z,"Doximity is diving deeper into artificial intelligence, announcing on Thursday the acquisition of startup Pathway Medical for $63 million. 
Pathway has built an AI-powered clinical reference tool th… [+2066 chars]"
"{'id': None, 'name': 'Yahoo Entertainment'}",Vandana Singh,EXCLUSIVE: AdTech-Focused Inuvo Reports Smaller Loss As Sales Jump 25%,"Inuvo Inc. (NYSE:INUV) reported Thursday a second-quarter loss of 10 cents, compared to 12 cents a year ago, which is in line with the consensus estimates...",https://finance.yahoo.com/news/exclusive-adtech-focused-inuvo-reports-200342150.html,https://media.zenfs.com/en/Benzinga/f50c20c687ff74dfed57c7f27737016f,2025-08-07T20:03:42Z,"Inuvo Inc. (NYSE:INUV) reported Thursday a second-quarter loss of 10 cents, compared to 12 cents a year ago, which is in line with the consensus estimates.
Net loss for the quarter was $1.5 million … [+1515 chars]"
"{'id': None, 'name': 'Techpinions.com'}",Juanita Rothman,Sarah Guo on AI startups: Why execution is the key to success,"Sarah Guo, founder of the AI-native venture fund Conviction, offered a sharp assessment of the current state of artificial intelligence startups and investment at the AI Engineer World’s Fair in San Francisco. She emphasized that the current AI revolution tra…",https://techpinions.com/sarah-guo-on-ai-startups-why-execution-is-the-key-to-success/,,2025-08-07T20:03:00Z,"Sarah Guo, founder of the AI-native venture fund Conviction, offered a sharp assessment of the current state of artificial intelligence startups and investment at the AI Engineer World’s Fair in San … [+2688 chars]"
"{'id': None, 'name': 'Onefootball.com'}",,❌ Left out of the Ballon d'Or: who deserved a spot among the 30 finalists ,"The list of 30 candidates for the Ballon d'Or has been officially announced (here is the list) and as always, the list of those excluded has sparked debate.Watch all of Napoli's friendlies LIVE on One...",https://onefootball.com/en/news/left-out-of-the-ballon-dor-who-deserved-a-spot-among-the-30-finalists-41481370,https://photobooth-api.onefootball.com/api/screenshot/%2Fv2%2Fphotobooth%2Fcms%2Fen%2F41481370%3Fdate=2025-08-07,2025-08-07T20:02:00Z,"The list of 30 candidates for the Ballon d'Or has been officially announced (here is the list) and as always, the list of those excluded has sparked debate.
Watch all of Napoli's friendlies LIVE on … [+2952 chars]"
"{'id': None, 'name': 'Screen Rant'}",Zachary Moser,From John Wick to True Crime: 10 Must-See Peacock Miniseries That Will Keep You Hooked,"Peacock is probably best known for its library of beloved NBC series, but it also has some notable miniseries that many viewers haven't heard of.",https://screenrant.com/best-peacock-miniseries-underrated/,https://static1.srcdn.com/wordpress/wp-content/uploads/2025/08/sister-simone-betty-gilpin-walking-angrily-through-a-hospital-ward-with-sick-knights-in-mrs-davis.jpg,2025-08-07T20:01:22Z,"Peacock has a handful of original miniseries, and chances are, you haven't seen a lot of these worthwhile shows. Despite not always being ranked alongside the other major streamers like Netflix, HBO … [+7640 chars]"
"{'id': None, 'name': 'Biztoc.com'}",pymnts.com,The Browser Company Adds Pro Plan Amid Rise of AI-Search,"The Browser Company reportedly debuted a Pro subscription for its artificial intelligence-integrated web browser, Dia.
 
 [contact-form-7]
 
 
This plan costs $20 per month and offers unlimited access to Dia’s AI-powered chat and skills features, TechCrunch r…",https://biztoc.com/x/d59babcd8b1a036c,https://biztoc.com/cdn/950/og.png,2025-08-07T20:00:06Z,"The Browser Company reportedly debuted a Pro subscription for its artificial intelligence-integrated web browser, Dia.
[contact-form-7]
This plan costs $20 per month and offers unlimited access to … [+136 chars]"
"{'id': None, 'name': 'Biztoc.com'}",pymnts.com,CrowdStrike Releases AI-Powered Detection to Catch Subtle Cyber Threats,"Cybersecurity firm CrowdStrike is widely releasing a new artificial intelligence (AI)-powered detection system designed to uncover early-stage cyber threats that it said traditional tools often miss, the company said in a Wednesday (Aug. 6) news release.
 
 […",https://biztoc.com/x/3454c2f107add5e7,https://biztoc.com/cdn/950/og.png,2025-08-07T19:59:52Z,"Cybersecurity firm CrowdStrike is widely releasing a new artificial intelligence (AI)-powered detection system designed to uncover early-stage cyber threats that it said traditional tools often miss,… [+136 chars]"
"{'id': None, 'name': 'PBS'}",Associated Press,OpenAI releases hotly anticipated GPT-5 update,"Expectations are high for the newest version of OpenAI's flagship model because the San Francisco company has long positioned its technical advancements as a path toward artificial general intelligence, or AGI, a technology that is supposed to surpass humans …",https://www.pbs.org/newshour/economy/openai-releases-hotly-anticipated-gpt-5-update,https://d3i6fh83elv35t.cloudfront.net/static/2025/08/2025-08-06T021942Z_1374809076_RC2LU7AYUNM6_RTRMADP_3_OPENAI-SHARE-SALE-1024x626.jpg,2025-08-07T19:59:11Z,"SAN FRANCISCO (AP) OpenAI on Thursday released the fifth generation of the artificial intelligence technology that powers ChatGPT, a product update that’s being closely watched as a measure of whethe… [+2212 chars]"
"{'id': None, 'name': 'PBS'}","Matt O'Brien, Associated Press, Mae Anderson, Associated Press",Trump’s planned 100% tariff on computer chips sparks confusion,"The U.S. imports a relatively small number of chips because most of the foreign-made chips in a device — from an iPhone to a car — were already assembled into a product, or part of a product, before it landed in the country.",https://www.pbs.org/newshour/economy/trumps-planned-100-tariff-on-computer-chips-sparks-confusion,https://d3i6fh83elv35t.cloudfront.net/static/2025/08/2025-07-24T052954Z_1008121757_RC2XQS9LV7W7_RTRMADP_3_BE-SEMICONDUCTOR-RESULTS-1024x683.jpg,2025-08-07T19:53:33Z,President Donald Trump’s plans for 100% tariffs on computer chips that aren’t made in the U.S. are stoking confusion among businesses and trading partners boosting stocks for leading semiconductor co… [+4933 chars]
"{'id': None, 'name': 'ZDNet'}",Maria Diaz,Researchers used Gemini to break into Google Home - here's how,"This was just a demonstration, but you can take steps to protect yourself from similar promptware attacks.",https://www.zdnet.com/article/researchers-used-gemini-to-break-into-google-home-heres-how/,https://www.zdnet.com/a/img/resize/6a4edddadac87828c43617c721575f1cfb32a295/2024/04/29/210c61ee-4782-4c5d-b054-4ee67964d4b8/1.jpg?auto=webp&fit=crop&height=675&width=1200,2025-08-07T19:42:00Z,"Maria Diaz/ZDNET
ZDNET's key takeaways
<ul><li>Researchers demonstrated a way to hack Google Home devices via Gemini.</li><li>Google put additional safeguards in place for Gemini in response.</li><… [+3756 chars]"
"{'id': None, 'name': 'Tech Xplore'}",Glenn CHAPMAN,OpenAI releases ChatGPT-5 as AI race accelerates,"OpenAI on Thursday released a keenly awaited new generation of its hallmark ChatGPT, touting ""significant"" advancements in artificial intelligence capabilities, as a global race over the technology accelerates.",https://techxplore.com/news/2025-08-openai-chatgpt-ai.html,https://scx2.b-cdn.net/gfx/news/2025/openai-says-freshly-re.jpg,2025-08-07T19:33:32Z,"OpenAI on Thursday released a keenly awaited new generation of its hallmark ChatGPT, touting ""significant"" advancements in artificial intelligence capabilities, as a global race over the technology a… [+3548 chars]"
"{'id': None, 'name': 'CryptoSlate'}",Oluwapelumi Adejumo,UK-based Union Jack Oil turns to Bitcoin mining amid rising network difficulty,"Union Jack Oil (UJO), a UK-listed oil and gas firm, is exploring a new path to monetize its gas resources by turning to Bitcoin mining, per an Aug. 7 statement. According to the firm, the move is focused on harnessing the natural gas from its West Newton site…",https://cryptoslate.com/uk-based-union-jack-oil-turns-to-bitcoin-mining-amid-rising-network-difficulty/,https://cryptoslate.com/wp-content/uploads/2025/02/bitcoin-mining-.jpg,2025-08-07T19:31:27Z,"Union Jack Oil (UJO), a UK-listed oil and gas firm, is exploring a new path to monetize its gas resources by turning to Bitcoin mining, per an Aug. 7 statement.
According to the firm, the move is fo… [+3151 chars]"
"{'id': None, 'name': 'Futurity: Research News'}",U. Buffalo,Fabric that mimics skin gives robots sense of touch,"""...this breakthrough could transform how robots, prosthetics, and human-machine interaction systems interact with the world around them.""",https://www.futurity.org/fabric-mimics-skin-robots-touch-3289992/,https://www.futurity.org/wp/wp-content/uploads/2025/08/fingers-touching-over-sheet_1600-1.jpg,2025-08-07T19:29:52Z,"A new electronic textile under development aims to improve robots’ sense of touch.
Robots excel at many things, but having a good sense of touch is not among them. Whether dropping items or pinching… [+3496 chars]"
"{'id': None, 'name': 'Onefootball.com'}",,❌ Ballon d'Or snubs: who deserved a place among the 30 finalists ,"The list of 30 candidates for the Ballon d'Or has been made official (here is the list) and as always, the list of those excluded has sparked debate.Watch all of Napoli's friendlies LIVE on OneFootbal...",https://onefootball.com/en/news/ballon-dor-snubs-who-deserved-a-place-among-the-30-finalists-41481370,https://photobooth-api.onefootball.com/api/screenshot/%2Fv2%2Fphotobooth%2Fcms%2Fen%2F41481370%3Fdate=2025-08-07,2025-08-07T19:27:00Z,"The list of 30 candidates for the Ballon d'Or has been made official (here is the list) and as always, the list of those excluded has sparked debate.
Watch all of Napoli's friendlies LIVE on OneFoot… [+2934 chars]"
"{'id': 'techradar', 'name': 'TechRadar'}","lance.ulanoff@futurenet.com (Lance Ulanoff) , Lance Ulanoff",ChatGPT just got so much smarter – here's how to talk to your kids about AI and GPT-5,Get ahead of this now,https://www.techradar.com/ai-platforms-assistants/chatgpt-just-got-so-much-smarter-heres-how-to-talk-to-your-kids-about-ai-and-gpt-5,https://cdn.mos.cms.futurecdn.net/r4sShykz2vQ2cRwMoqNUL3.jpg,2025-08-07T19:25:32Z,"ChatGPT's GPT-5 brain trainslpant marks a turning point in the steady march toward General Artificial Intelligence. With GPT-5 models, ChatGPT, from free to Pro, gets more personal, reliable, accurat… [+5886 chars]"
"{'id': 'fortune', 'name': 'Fortune'}",Sharon Goldman,GPT-5 is finally here—can it put OpenAI back on top?,"As OpenAI scales up revenue, infrastructure, and model complexity, GPT-5 is a test of whether the business can keep pace with its ambition.",https://fortune.com/2025/08/07/gpt-5-is-finally-here-can-it-put-openai-back-on-top/,"https://fortune.com/img-assets/wp-content/uploads/2025/04/GettyImages-2198379368_33bb0d-e1746061764667.jpg?resize=1200,600",2025-08-07T19:24:51Z,Welcome to Eye on AI! In this edition...OpenAI releases GPT-5 and strikes a $1 government deal. AI homework helpers duke it out. Zoox gets a special exemption.One of the defining truths about the wor… [+8987 chars]
"{'id': None, 'name': 'PetaPixel'}",Kate Garibaldi,DaVinci Resolve Is First macOS Video Editor to Fully Support Apple Immersive Video,"Blackmagic Design released DaVinci Resolve 20.1, introducing full support for Apple Vision Pro immersive video workflows. With this release, DaVinci Resolve becomes the first professional non-linear editor (NLE) to offer a complete end-to-end solution for cre…",https://petapixel.com/2025/08/07/davinci-resolve-is-first-macos-video-editor-to-fully-support-apple-immersive-video/,https://petapixel.com/assets/uploads/2025/08/DaVinci-Resolve-20-1-PetaPixel-BG.jpg,2025-08-07T19:23:44Z,"Blackmagic Design released DaVinci Resolve 20.1, introducing full support for Apple Vision Pro immersive video workflows. With this release, DaVinci Resolve becomes the first professional non-linear … [+4721 chars]"
"{'id': None, 'name': 'Malwarebytes.com'}",Pieter Arntz,Adult sites trick users into Liking Facebook posts using a clickjack Trojan,We found a host of blogspot pages involved in a malware campaign to promote their own content by using a LikeJack Trojan.,https://www.malwarebytes.com/blog/news/2025/08/adult-sites-trick-users-into-liking-facebook-posts-using-a-clickjack-trojan,https://www.malwarebytes.com/wp-content/uploads/sites/2/2025/08/like_investigated.png,2025-08-07T19:23:06Z,"As the use of age verification to access adult websites increases in various countries around the world, shady websites with adult content have started a timely malware-fueled campaign to promote lin… [+4175 chars]"
"{'id': None, 'name': 'CNBC'}",,AppLovin CEO sees benefits from Apple-Epic fallout as stock pops on earnings,"Following AppLovin's better-than-expected earnings report, CEO Adam Foroughi told investors that he sees the company benefiting from the Apple-Epic suit.",https://www.cnbc.com/2025/08/07/applovin-stock-earnings-apple-epic.html,https://image.cnbcfm.com/api/v1/image/106869030-1618507069516AdamForoughi-AppLovin-1-jpg?v=1736363194&w=1920&h=1080,2025-08-07T19:22:01Z,"AppLovin shares resumed their historic rally on Thursday after the ad-tech company reported better-than-expected earnings for the second quarter.
The stock popped 11% and is now up 34% for the year … [+3423 chars]"
"{'id': None, 'name': 'Freerepublic.com'}",Foundation for Economic Education,The Bureaucrat Becomes a Spectator,"AI could redefine work in public administration.Few structures have proven to be as resistant to change as bureaucracy. Built on printed forms, single windows, and linear processes, bureaucracy has long been synonymous with rigidity and inefficiency. But that…",https://freerepublic.com/focus/f-news/4333280/posts,,2025-08-07T19:20:27Z,"Skip to comments.
The Bureaucrat Becomes a SpectatorFoundation for Economic Education ^
 | Thursday, August 7, 2025
 | Nicolás Sánchez 
Posted on 08/07/2025 12:20:27 PM PDT by E. Pluribus Unum
A… [+3013 chars]"
"{'id': 'breitbart-news', 'name': 'Breitbart News'}","Alana Mastrangelo, Alana Mastrangelo",James Cameron Warns of 'Terminator'-Style Apocalypse if You 'Put AI Together with Weapons Systems',"Hollywood director and filmmaker James Cameron is warning ""there's danger"" of a Terminator-style apocalypse if you ""put AI together with weapons systems.""
The post James Cameron Warns of ‘Terminator’-Style Apocalypse if You ‘Put AI Together with Weapons Syste…",https://www.breitbart.com/entertainment/2025/08/07/james-cameron-warns-of-terminator-style-apocalypse-if-you-put-ai-together-with-weapons-systems/,https://media.breitbart.com/media/2025/08/JamesCameronTerminator-640x335.jpg,2025-08-07T19:17:58Z,"Hollywood director and filmmaker James Cameron is warning “there’s danger” of a Terminator-style apocalypse if you “put AI together with weapons systems.”
While Cameron has previously expressed that… [+2077 chars]"
"{'id': 'the-times-of-india', 'name': 'The Times of India'}",Dhruv Mohan,OpenAI introduces ChatGPT 5 - Here's all you need to know,"OpenAI introduces GPT-5, a significant advancement in AI. It excels in coding, math, writing, and healthcare. GPT-5 adapts to user needs, offering fast responses or deep reasoning. It reduces errors and improves instruction following. Available to all ChatGPT…",https://economictimes.indiatimes.com/magazines/panache/openai-introduces-chatgpt-5-features-performance-access-pricing-heres-all-you-need-to-know/articleshow/123174283.cms,"https://img.etimg.com/thumb/msid-123174350,width-1200,height-630,imgsize-1645860,overlay-etpanache/articleshow.jpg",2025-08-07T19:17:02Z,"OpenAI has officially launched GPT-5, marking a major milestone in the evolution of artificial intelligence. Representing a significant leap in capability and intelligence, GPT-5 sets a new standard … [+4438 chars]"
"{'id': None, 'name': 'pymnts.com'}",PYMNTS,The Browser Company Adds Pro Plan Amid Rise of AI-Search,"The Browser Company reportedly debuted a Pro subscription for its artificial intelligence-integrated web browser, Dia. [contact-form-7] This plan costs $20 per month and offers unlimited access to Dia’s AI-powered chat and skills features, TechCrunch reported…",http://www.pymnts.com/subscriptions/2025/the-browser-company-adds-pro-plan-amid-rise-ai-search/,https://www.pymnts.com/wp-content/uploads/2025/08/The-Browser-Company.png,2025-08-07T19:12:29Z,"The Browser Company reportedly debuted a Pro subscription for its artificial intelligence-integrated web browser, Dia.This plan costs $20 per month and offers unlimited access to Dias AI-powered chat… [+2217 chars]"
"{'id': None, 'name': 'pymnts.com'}",PYMNTS,Upwork Targets Enterprise Businesses With New Acquisitions,"Employment marketplace Upwork appears to be expanding beyond its freelancer-focused roots. [contact-form-7] In releasing its quarterly earnings Thursday (Aug. 7), the company announced it had acquired Bubty, a platform to help enterprises manage a range of wo…",http://www.pymnts.com/acquisitions/2025/upwork-targets-enterprise-businesses-with-new-acquisitions/,https://www.pymnts.com/wp-content/uploads/2023/11/Upwork.jpg,2025-08-07T19:08:52Z,"Employment marketplace Upwork appears to be expanding beyond its freelancer-focused roots.In releasing its quarterly earnings Thursday (Aug. 7), the company announced it had acquired Bubty, a platfor… [+2826 chars]"
