source,author,title,description,url,urlToImage,publishedAt,content,search_topic
"{'id': None, 'name': 'WISN Milwaukee'}",Kendall Keys,Milwaukee Health Department stresses importance of MMR vaccine,"Last school year, 56% of Milwaukee Public Schools kindergarteners had the required measles vaccine.",https://www.wisn.com/article/concerning-milwaukee-health-department-stresses-importance-of-mmr-vaccine/65629612,"https://kubrick.htvapps.com/vidthumb/22689360-28fd-483a-a5c5-bbad8d302b3f/3d31d474-dade-494e-a5da-33914d37225f.jpg?crop=0.774xw:0.772xh;0.215xw,0&resize=1200:*",2025-08-07T23:56:19Z,"MILWAUKEE —Milwaukee Public Schools kindergarteners are vaccinated for measles at a rate substantially lower than the state and national average. 
For the 2024-25 school year, the national average f… [+4160 chars]",healthcare
"{'id': None, 'name': 'Malay Mail'}",Ida Lim,"Do you have high cholesterol, diabetes, hypertension? You might live longer in Malaysia, but without good health and with higher dementia risk","Malaysians are living longer, with average life expectancy rising to 75.2 years in 2024, but many spend more years in poor health due to chronic conditions.Malaysians should start...",https://www.malaymail.com/news/malaysia/2025/08/08/do-you-have-high-cholesterol-diabetes-hypertension-you-might-live-longer-in-malaysia-but-without-good-health-and-with-higher-dementia-risk/186570,https://www.malaymail.com/malaymail/uploads/images/2025/08/07/292343.JPG,2025-08-07T23:30:15Z,"<ul><li>Malaysians are living longer, with average life expectancy rising to 75.2 years in 2024, but many spend more years in poor health due to chronic conditions.</li><li>Malaysians should start a … [+8168 chars]",healthcare
"{'id': None, 'name': 'Biztoc.com'}",businessinsider.com,I feel more Chinese in the US and more American in China. I have to switch between 2 personalities,"Jeff Niu grew up as an ABD in New York, but always felt drawn to China.
Louis Tellier
Jeff Niu, now 31, grew up in New York City but felt drawn to China.
At 22, he moved to Beijing, earned a master's, and pivoted among roles in design, healthcare, and private…",https://biztoc.com/x/0a0671fc886ddf50,https://biztoc.com/cdn/950/og.png,2025-08-07T23:20:33Z,"Jeff Niu grew up as an ABD in New York, but always felt drawn to China.Louis TellierJeff Niu, now 31, grew up in New York City but felt drawn to China.At 22, he moved to Beijing, earned a master's, a… [+147 chars]",healthcare
"{'id': 'business-insider', 'name': 'Business Insider'}",Lavender Au,I feel more Chinese in the US and more American in China. I have to switch between 2 personalities.,"While working in Beijing, Jeff Niu wanted to know what it was like to be treated as a Chinese employee. He found it hard.",https://www.businessinsider.com/american-born-chinese-grew-up-new-york-moved-beijing-opportunity-2025-8,https://i.insider.com/6891e96485e81483682f4825?width=1200&format=jpeg,2025-08-07T23:14:01Z,"Jeff Niu grew up as an ABD in New York, but always felt drawn to China.Louis Tellier
<ul><li>Jeff Niu, now 31, grew up in New York City but felt drawn to China.</li><li>At 22, he moved to Beijing, e… [+5837 chars]",healthcare
"{'id': None, 'name': 'BBC News'}",,A walk-in fishermen's clinic saved me from sepsis - and could transform the NHS,Tom Parker was treated in one of 70 harbour health clinics after breaking his fibula fishing at sea.,https://www.bbc.com/news/articles/cm21z711g59o,https://ichef.bbci.co.uk/news/1024/branded_news/8330/live/602afd90-6ca1-11f0-89ea-4d6f9851f623.jpg,2025-08-07T23:01:41Z,"Tom Parker, 37, broke his leg in a fishing accident three miles off the Devon coast
Tom Parker was working alone three miles (4.8km) off the Devon coast when his fishing boat hit a wave and lurched … [+6148 chars]",healthcare
"{'id': None, 'name': 'The-independent.com'}",Aine Fox,"End of life care for patients must improve, doctors group says",It comes amid a warning that too often this phase of someone’s life “is seen as unexpected or a last-minute crisis”,https://www.the-independent.com/life-style/health-and-families/health-news/end-of-life-care-improve-royal-college-of-physicians-b2803953.html,https://static.the-independent.com/2025/08/07/19/28/01K226DE3V9035Z8T2B4XE01XK.jpeg?width=1200&height=800&crop=1200:800,2025-08-07T23:01:00Z,"Your support helps us to tell the story
From reproductive rights to climate change to Big Tech, The Independent is on the ground when the story is developing. Whether it's investigating the financia… [+6375 chars]",healthcare
"{'id': None, 'name': 'Atlassian.com'}",amacaraeg@atlassian.com,Our Q4 FY25 letter to shareholders,"From the CEO FY25 was another big step forward in Atlassian’s mission to unleash the potential of every team. We...
The post Our Q4 FY25 letter to shareholders appeared first on Work Life by Atlassian.",https://www.atlassian.com/blog/announcements/shareholder-letter-q4fy25,https://www.atlassian.com/blog/wp-content/uploads/2025/08/q4-fy25-shareholder-letter-blog-illo.png,2025-08-07T23:00:00Z,"FY25 was another big step forward in Atlassians mission to unleash the potential of every team. We closed out the year with strong execution, vaulting past $5.2 billion in revenue, generating $1.4 bi… [+23214 chars]",healthcare
"{'id': None, 'name': 'Yahoo Entertainment'}",Reuters,Motorola Solutions raises annual revenue forecast on steady demand,"Government agencies and businesses have been making efforts to strengthen their security and communication infrastructure, aiming to prevent disruptions to...",https://finance.yahoo.com/news/motorola-solutions-raises-annual-revenue-224610600.html,https://media.zenfs.com/en/reuters-finance.com/189dde52f3fb8dfd02c84c784bcff7cd,2025-08-07T22:46:10Z,"(Reuters) -Safety and enterprise security services provider Motorola Solutions raised annual revenue forecast on Thursday, driven by robust demand for its safety and security solutions.
Government a… [+1767 chars]",healthcare
"{'id': None, 'name': 'Theregister.com'}",Tobias Mann,OpenAI's GPT-5 is here with up to 80% fewer hallucinations,"That totally makes up for the single-digit benchmark gains, right?
OpenAI unveiled its most capable model yet on Thursday with the launch of GPT-5.…",https://www.theregister.com/2025/08/07/openai_gpt_5/,https://regmedia.co.uk/2024/04/16/shutterstock_chatgpt_again.jpg,2025-08-07T22:41:43Z,"OpenAI unveiled its most capable model yet on Thursday with the launch of GPT-5.
AI hype man and OpenAI CEO Sam Altman described it as like talking to your own personal expert that can write applica… [+7673 chars]",healthcare
"{'id': None, 'name': 'GlobeNewswire'}",Atlanticus Holdings Corp,Atlanticus Reports Second Quarter 2025 Financial Results,"Second Quarter 2025 net margin growth of 35.8% over prior year, with 4.0 million accounts served (1)  ATLANTA, Aug.  07, 2025  (GLOBE NEWSWIRE) --......",https://www.globenewswire.com/news-release/2025/08/07/3129866/0/en/Atlanticus-Reports-Second-Quarter-2025-Financial-Results.html,https://ml.globenewswire.com/Resource/Download/b6fa8862-04a2-4ca2-aba7-544ded3d97e5,2025-08-07T22:35:00Z,"Second Quarter 2025 net margin growth of 35.8% over prior year, with 4.0 million accounts served (1)
ATLANTA, Aug. 07, 2025 (GLOBE NEWSWIRE) -- Atlanticus Holdings Corporation (NASDAQ: ATLC) (Atlant… [+41183 chars]",healthcare
"{'id': None, 'name': 'Techpinions.com'}",Juanita Rothman,eMed appoints former X CEO Linda Yaccarino as new chief executive officer,"Linda Yaccarino, the former CEO of Elon Musk’s X, has been appointed as the new chief executive officer of eMed, a health tech startup focused on developing a platform for patients using GLP-1 medications. Why it matters: Yaccarino’s move to eMed marks a sign…",https://techpinions.com/emed-appoints-former-x-ceo-linda-yaccarino-as-new-chief-executive-officer/,,2025-08-07T22:27:00Z,"Linda Yaccarino, the former CEO of Elon Musk’s X, has been appointed as the new chief executive officer of eMed, a health tech startup focused on developing a platform for patients using GLP-1 medica… [+1551 chars]",healthcare
"{'id': None, 'name': 'The Indian Express'}",Express News Service,Haryana Rs 500 crore dues: 650 pvt hospitals halt Ayushman scheme,"In Haryana, the IMA represents nearly 650 private hospitals empanelled under AB-PMJAY, a flagship scheme of the Narendra Modi-led government that provides a health cover of Rs 5 lakh per family per year for secondary and tertiary care.",https://indianexpress.com/article/cities/chandigarh/haryana-rs-500-crore-dues-650-pvt-hospitals-halt-ayushman-scheme-10176763/,https://images.indianexpress.com/2025/08/hospital.jpg,2025-08-07T22:26:26Z,The Haryana chapter of the Indian Medical Association (IMA) Thursday announced the suspension of services under Ayushman BharatPradhan Mantri Jan Arogya Yojana (AB-PMJAY) in the state over pending du… [+2927 chars],healthcare
"{'id': None, 'name': 'Antaranews.com'}","Lintang Budiyanti P, Mecca Yumna",Need sustainable contraceptive funding for quality families: govt,Population and Family Planning Minister Wihaji has underlined the need for sustainable funding to support contraceptive access and build quality families in ...,https://en.antaranews.com/news/372005/need-sustainable-contraceptive-funding-for-quality-families-govt,https://cdn.antaranews.com/cache/1200x800/2025/08/07/IMG-20250807-WA0008_edit_1296289019506884.jpg,2025-08-07T22:20:16Z,Jakarta (ANTARA) - Population and Family Planning Minister Wihaji has underlined the need for sustainable funding to support contraceptive access and build quality families in Indonesia.“This is not … [+2470 chars],healthcare
"{'id': None, 'name': 'Billings Gazette'}",EMMA JANE ebochner@billingsgazette.com,Boise Cascade workers' strike enters second week in Billings,The strike began July 29 after Teamsters members rejected the company’s offer and negotiations stalled over pay and health benefits.,https://billingsgazette.com/news/local/business/article_9f5f3595-6fd3-4215-b74c-a1bf6a503428.html,https://bloximages.chicago2.vip.townnews.com/billingsgazette.com/content/tncms/assets/v3/editorial/9/f5/9f5f3595-6fd3-4215-b74c-a1bf6a503428/68951175e1801.preview.jpg?crop=1763%2C926%2C0%2C124&resize=1200%2C630&order=crop%2Cresize,2025-08-07T22:20:00Z,"With signs in hand and a chorus of chants and horns honking in support, a group of around 50 Teamsters Union members and supporters gathered Thursday outside Boise Cascade to press for better pay and… [+6378 chars]",healthcare
"{'id': None, 'name': 'ComicBook.com'}",Michael Hein,Harry Potter Star Responds to Backlash From Fans,"Actress Michelle Gomez addressed fans directly on Instagram after accepting a role in Harry Potter: The Full-Cast Audio Editions last week. The newly-announced audiobooks will feature an all-star cast of actors voicing each major role, and Gomez will play the…",http://comicbook.com/movies/news/harry-potter-star-responds-backlash-fans-michelle-gomez/,"https://comicbook.com/wp-content/uploads/sites/4/2025/01/Harry-Potter-TV-series.png?resize=2000,1125",2025-08-07T22:17:48Z,Actress Michelle Gomez addressed fans directly on Instagram after accepting a role in Harry Potter: The Full-Cast Audio Editions last week. The newly-announced audiobooks will feature an all-star cas… [+2334 chars],healthcare
"{'id': None, 'name': 'Antaranews.com'}","Bayu, Azis Kurmala",Minister Hartarto urges SEZs to boost investment realization,"Coordinating Minister for Economic Affairs, Airlangga Hartarto, has called on all special economic zone (SEZ) developers and operators to push up investment ...",https://en.antaranews.com/news/372001/minister-hartarto-urges-sezs-to-boost-investment-realization,https://cdn.antaranews.com/cache/1200x800/2025/08/07/publikasi_1754494146_689374c285000-1.jpeg,2025-08-07T22:11:22Z,"Jakarta (ANTARA) - Coordinating Minister for Economic Affairs, Airlangga Hartarto, has called on all special economic zone (SEZ) developers and operators to push up investment realization to help Ind… [+3006 chars]",healthcare
"{'id': None, 'name': 'Antaranews.com'}","Tri, Kenzu",Doctors in border areas need legal protection: lawmaker,"Legislator Edy Wuryanto has urged the government to ensure specialist and sub-specialist doctors serving in underdeveloped, border, and island regions enjoy ...",https://en.antaranews.com/news/371993/doctors-in-border-areas-need-legal-protection-lawmaker,https://cdn.antaranews.com/cache/1200x800/2025/08/04/FotoGrid_20250804_071151321.jpg,2025-08-07T21:59:15Z,"Jakarta (ANTARA) - 
Legislator Edy Wuryanto has urged the government to ensure specialist and sub-specialist doctors serving in underdeveloped, border, and island regions enjoy legal protection and … [+2106 chars]",healthcare
"{'id': None, 'name': 'pymnts.com'}",PYMNTS,OpenAI’s New GPT-5 Can Write Software on Demand,"OpenAI on Thursday (Aug. 7) launched GPT-5, its most advanced language model to date, calling it a leap toward artificial general intelligence (AGI) and a transformative tool for businesses, developers and everyday users. [contact-form-7] “GPT-5 is a major up…",http://www.pymnts.com/news/artificial-intelligence/2025/openai-new-gpt-5-can-write-software-demand/,https://www.pymnts.com/wp-content/uploads/2025/08/OpenAI-artificial-intelligence-ChatGPT.jpg,2025-08-07T21:58:23Z,"OpenAI on Thursday (Aug. 7) launched GPT-5, its most advanced language model to date, calling it a leap toward artificial general intelligence (AGI) and a transformative tool for businesses, develope… [+5527 chars]",healthcare
"{'id': None, 'name': 'Hyperallergic'}",Lakshmi Rivera Amin,Required Reading,"This week: 80 years since the atomic bombing of Hiroshima, Black Girls in Art Spaces, remembering a salsa luminary, Jinkx Monsoon takes on JK Rowling, and more.",http://hyperallergic.com/1032643/required-reading-745/,https://hyperallergic-newspack.s3.amazonaws.com/uploads/2025/08/hifroshima-motoyasu-river.jpg,2025-08-07T21:49:42Z,"Success! Your account was created and youre signed in.Please visit My Account to verify and manage your account.
An account was already registered with this email. Please check your inbox for an aut… [+13475 chars]",healthcare
"{'id': None, 'name': 'Finovate.com'}",David Penn,"Streamly Snapshot: Startup Success, Financial Management, and the Innovation Ecosystem","This week’s Streamly Snapshot features our final interview from FinovateSpring 2025 in San Diego, California. What does it take for a startup to be successful? In today’s innovation ecosystem, one increasingly important skill is not just building innovative s…",https://finovate.com/streamly-snapshot-startup-success-financial-management-and-the-innovation-ecosystem/,https://finovate.com/wp-content/uploads/2025/08/alexas_fotos-sjq4B6PLPug-unsplash-scaled.jpg,2025-08-07T21:48:07Z,"This week’s Streamly Snapshot features our final interview from FinovateSpring 2025 in San Diego, California.



What does it take for a startup to be successful? In today’s innovation ecosystem, one… [+2085 chars]",healthcare
"{'id': None, 'name': 'GlobeNewswire'}","Esperion Therapeutics, Inc.",Esperion Announces Inducement Grants Under NASDAQ Listing Rule 5635(c)(4),"ANN ARBOR, Mich., Aug. 07, 2025 (GLOBE NEWSWIRE) -- Esperion (NASDAQ: ESPR) today announced that on August 5, 2025, the Company granted 12 new employees 73,500 restricted stock units (RSUs) under Esperion’s 2017 Inducement Equity Incentive Plan.",https://www.globenewswire.com/news-release/2025/08/07/3129837/0/en/Esperion-Announces-Inducement-Grants-Under-NASDAQ-Listing-Rule-5635-c-4.html,https://ml.globenewswire.com/Resource/Download/6af55bc4-856a-4007-b242-baeb422ba7e7,2025-08-07T21:30:00Z,"ANN ARBOR, Mich., Aug. 07, 2025 (GLOBE NEWSWIRE) -- Esperion (NASDAQ: ESPR) today announced that on August 5, 2025, the Company granted 12 new employees 73,500 restricted stock units (RSUs) under Esp… [+2394 chars]",healthcare
"{'id': 'al-jazeera-english', 'name': 'Al Jazeera English'}",Al Jazeera,Famine kills nearly 200 in Gaza amid ‘apocalyptic’ battle for survival,"Two children died of starvation on Thursday, as WHO warns 12,000 children aged under five suffering acute malnutrition.",https://www.aljazeera.com/news/2025/8/7/famine-kills-nearly-200-in-gaza-amid-apocalyptic-battle-for-survival,https://www.aljazeera.com/wp-content/uploads/2025/08/2025-08-07T071355Z_1766595275_RC201GAXZ3Y2_RTRMADP_3_ISRAEL-PALESTINIANS-GAZA-MALNUTRITION-1754601803.jpg?resize=1920%2C1440,2025-08-07T21:24:34Z,"Gaza health authorities say nearly 200 people, including 96 children, have died of hunger in Gaza, as the starving population battles against the odds to get food from dangerous airdrops and deadly a… [+4794 chars]",healthcare
"{'id': None, 'name': 'GOOD Magazine'}",Mark Wales,Fascinating video reveals the 3 ways AI is improving healthcare—with 1 major concern,"Many people are concerned about artificial intelligence these days. Has this technology arrived to save or destroy us? Unfortunately, it's completely unanswerable at the moment, regardless of opinion. However, when it comes to medicine, AI can definitely help…",https://www.good.is/ai-in-medicine-isn-t-science-fiction-anymore,https://www.good.is/media-library/youtube-ai-artificial-intelligence-healthcare-abc-news-doctors-patients-videos.jpg?id=61440721&width=1200&height=600&coordinates=0%2C150%2C0%2C150,2025-08-07T21:21:38Z,"Many people are concerned about artificial intelligence these days. Has this technology arrived to save or destroy us? Unfortunately, it's completely unanswerable at the moment, regardless of opinion… [+6354 chars]",healthcare
"{'id': 'breitbart-news', 'name': 'Breitbart News'}","Hannah Knudsen, Hannah Knudsen","Veteran Action Launches Campaign Against Democrat Ruben Gallego, Showcasing Record of Abandoning Veterans","The grassroots political organization Veteran Action has launched a digital ad campaign against Democrat Sen. Ruben Gallego (D-AZ), showcasing his record of abandoning veterans.
The post Veteran Action Launches Campaign Against Democrat Ruben Gallego, Showcas…",https://www.breitbart.com/politics/2025/08/07/veteran-action-launches-campaign-against-democrat-ruben-gallego-showcasing-record-of-abandoning-veterans/,https://media.breitbart.com/media/2025/08/AP25093626757892-640x335.jpg,2025-08-07T21:21:01Z,"The grassroots political organization Veteran Action has launched a digital ad campaign against Democrat Sen. Ruben Gallego (D-AZ), showcasing his record of abandoning veterans.
Veteran Action, whic… [+1728 chars]",healthcare
"{'id': None, 'name': 'Thefly.com'}",,Definitive Healthcare narrows FY25 adjusted EPS view to 22c-23c from 20c-23c,"See the rest of the story here.

thefly.com provides the latest financial news as it breaks. Known as a leader in market intelligence, The Fly's real-time, streaming news feed keeps individual investors, professional money managers, active traders, and corpor…",https://thefly.com/permalinks/entry.php/id4179062/DH-Definitive-Healthcare-narrows-FY-adjusted-EPS-view-to-cc-from-cc,https://thefly.com/images/meta/earnings.jpg,2025-08-07T21:08:27Z,"Earnings calls, analyst events, roadshows and more",healthcare
"{'id': None, 'name': 'Thefly.com'}",,"Definitive Healthcare sees Q3 EPS 5c-6c, consensus 6c","See the rest of the story here.

thefly.com provides the latest financial news as it breaks. Known as a leader in market intelligence, The Fly's real-time, streaming news feed keeps individual investors, professional money managers, active traders, and corpor…",https://thefly.com/permalinks/entry.php/id4179035/DH-Definitive-Healthcare-sees-Q-EPS-cc-consensus-c,https://thefly.com/images/meta/earnings.jpg,2025-08-07T20:59:30Z,"Earnings calls, analyst events, roadshows and more",healthcare
"{'id': None, 'name': 'Thefly.com'}",,"Definitive Healthcare reports Q2 adjusted EPS 7c, consensus 5c","See the rest of the story here.

thefly.com provides the latest financial news as it breaks. Known as a leader in market intelligence, The Fly's real-time, streaming news feed keeps individual investors, professional money managers, active traders, and corpor…",https://thefly.com/permalinks/entry.php/id4179032/DH-Definitive-Healthcare-reports-Q-adjusted-EPS-c-consensus-c,https://thefly.com/images/meta/earnings.jpg,2025-08-07T20:58:47Z,"Earnings calls, analyst events, roadshows and more",healthcare
"{'id': None, 'name': 'GlobeNewswire'}",Portnoy Law,"3D Systems Corporation Investors: Please contact the Portnoy Law Firm to recover your losses. August 12, 2025 Deadline to file Lead Plaintiff Motion.","Investors can contact the law firm at no cost to learn more about recovering their losses  LOS ANGELES, Aug.  07, 2025  (GLOBE NEWSWIRE) -- The Portnoy...",https://www.globenewswire.com/news-release/2025/08/07/3129803/0/en/3D-Systems-Corporation-Investors-Please-contact-the-Portnoy-Law-Firm-to-recover-your-losses-August-12-2025-Deadline-to-file-Lead-Plaintiff-Motion.html,https://ml.globenewswire.com/Resource/Download/ea0dd9c0-6e41-4d5a-ad27-b277677af6df,2025-08-07T20:48:00Z,"Investors can contact the law firm at no cost to learn more about recovering their losses
LOS ANGELES, Aug. 07, 2025 (GLOBE NEWSWIRE) -- The Portnoy Law Firm advises 3D Systems Corporation (""3D Syst… [+3247 chars]",healthcare
"{'id': None, 'name': 'Rolling Out'}",Dempsey May Ayuco,Teyana Taylor halts career for urgent vocal surgery,"Multi-talented artist confronts unexpected health setback amid career peak The entertainment world received sobering news this week as multi-hyphenate star Teyana Taylor announced an abrupt pause in her flourishing career. The singer, actress, and creative fo…",https://rollingout.com/2025/08/07/teyana-taylor-halts-career-for-surgery/,https://rollingout.com/wp-content/uploads/2025/06/Teyana-Taylor.png,2025-08-07T20:44:15Z,"Multi-talented artist confronts unexpected health setback amid career peak
The entertainment world received sobering news this week as multi-hyphenate star Teyana Taylor announced an abrupt pause in… [+4733 chars]",healthcare
"{'id': None, 'name': 'Thefly.com'}",,"American Healthcare REIT raises 2025 FFO outlook to $1.64-$1.68, consensus $1.65","See the rest of the story here.

thefly.com provides the latest financial news as it breaks. Known as a leader in market intelligence, The Fly's real-time, streaming news feed keeps individual investors, professional money managers, active traders, and corpor…",https://thefly.com/permalinks/entry.php/id4178945/AHR-American-Healthcare-REIT-raises--FFO-outlook-to--consensus-,https://thefly.com/images/meta/earnings.jpg,2025-08-07T20:43:29Z,"Earnings calls, analyst events, roadshows and more",healthcare
"{'id': None, 'name': 'Thefly.com'}",,"American Healthcare REIT reports Q2 FFO 42c, consensus 40c","See the rest of the story here.

thefly.com provides the latest financial news as it breaks. Known as a leader in market intelligence, The Fly's real-time, streaming news feed keeps individual investors, professional money managers, active traders, and corpor…",https://thefly.com/permalinks/entry.php/id4178943/AHR-American-Healthcare-REIT-reports-Q-FFO-c-consensus-c,https://thefly.com/images/meta/earnings.jpg,2025-08-07T20:42:39Z,"Earnings calls, analyst events, roadshows and more",healthcare
"{'id': None, 'name': 'Biztoc.com'}",reuters.com,"Gilead posts flat quarterly profit, raises full-year outlook",,https://biztoc.com/x/93ba9ba433fcba0e,https://biztoc.com/cdn/93ba9ba433fcba0e_s.webp,2025-08-07T20:34:08Z,"{ window.open(this.href, '_blank'); }, 200); return false;""&gt;Why did Trump demand Intel CEO's resignation? { window.open(this.href, '_blank'); }, 200); return false;""&gt;How will Trump's 401(k) cry… [+780 chars]",healthcare
"{'id': None, 'name': 'Thefly.com'}",,"AMN Healthcare sees Q3 revenue $610M-$625M, consensus $640.12M","See the rest of the story here.

thefly.com provides the latest financial news as it breaks. Known as a leader in market intelligence, The Fly's real-time, streaming news feed keeps individual investors, professional money managers, active traders, and corpor…",https://thefly.com/permalinks/entry.php/id4178876/AMN-AMN-Healthcare-sees-Q-revenue-MM-consensus-M,https://thefly.com/images/meta/earnings.jpg,2025-08-07T20:32:54Z,"Earnings calls, analyst events, roadshows and more",healthcare
"{'id': None, 'name': 'Thefly.com'}",,"AMN Healthcare reports Q2 adjusted EPS 30c, consensus 19c","See the rest of the story here.

thefly.com provides the latest financial news as it breaks. Known as a leader in market intelligence, The Fly's real-time, streaming news feed keeps individual investors, professional money managers, active traders, and corpor…",https://thefly.com/permalinks/entry.php/id4178867/AMN-AMN-Healthcare-reports-Q-adjusted-EPS-c-consensus-c,https://thefly.com/images/meta/earnings.jpg,2025-08-07T20:32:08Z,"Earnings calls, analyst events, roadshows and more",healthcare
"{'id': 'financial-post', 'name': 'Financial Post'}",Business Wire,"Doximity Acquires Pathway, a Leader in AI Clinical Reference","$63M acquisition brings physician AI team and datasets to Doximity’s AI suite SAN FRANCISCO — Doximity, Inc. (NYSE: DOCS), the leading digital platform for U.S. medical professionals, today announced that it has acquired Pathway Medical Inc., a Montreal-based…",https://financialpost.com/pmn/business-wire-news-releases-pmn/doximity-acquires-pathway-a-leader-in-ai-clinical-reference,,2025-08-07T20:28:38Z,"$63M acquisition brings physician AI team and datasets to Doximitys AI suite
THIS CONTENT IS RESERVED FOR SUBSCRIBERS ONLY
Subscribe now to read the latest news in your city and across Canada.
<ul… [+4675 chars]",healthcare
"{'id': None, 'name': 'Yahoo Entertainment'}",Petr Huřťák,"Doximity (NYSE:DOCS) Reports Upbeat Q2, Stock Soars","Healthcare professional network Doximity (NYSE:DOCS) reported revenue ahead of Wall Street’s expectations in Q2 CY2025, with sales up 15.2% year on year to $...",https://finance.yahoo.com/news/doximity-nyse-docs-reports-upbeat-202151169.html,https://s.yimg.com/ny/api/res/1.2/nUT8rSTWlQHumWMMKhZ1vg--/YXBwaWQ9aGlnaGxhbmRlcjt3PTEyMDA7aD02MDA-/https://media.zenfs.com/en/stockstory_922/d4bf7317e9286bca21a9af7d582c482a,2025-08-07T20:21:51Z,"Healthcare professional network Doximity (NYSE:DOCS) reported revenue ahead of Wall Streets expectations in Q2 CY2025, with sales up 15.2% year on year to $145.9 million. On top of that, next quarter… [+4308 chars]",healthcare
"{'id': 'financial-post', 'name': 'Financial Post'}",GlobeNewswire,"First LLM with Infinite Context Attention is here, wiping out $1.2 billion RAG market value by allowing AI to live outside the Matrix","SAN FRANCISCO, Aug. 07, 2025 (GLOBE NEWSWIRE) — Silicon Valley startup, iFrame™ AI, has quietly secured a nearly $20 million deal with a leading cloud provider to launch the world’s first Large Attention Model with an infinite context window – a breakthrough …",https://financialpost.com/globe-newswire/first-llm-with-infinite-context-attention-is-here-wiping-out-1-2-billion-rag-market-value-by-allowing-ai-to-live-outside-the-matrix,https://smartcdn.gprod.postmedia.digital/financialpost/wp-content/uploads/2025/08/thumbnail.png,2025-08-07T20:17:43Z,"Enabling new kinds of products
While other labs celebrate million-token context windows, iFrame has already tested its LAM on inputs exceeding one billion tokens with no loss in accuracy.
Imagine a… [+3455 chars]",healthcare
"{'id': None, 'name': 'GlobeNewswire'}","Health Catalyst, Inc.",Health Catalyst Reports Second Quarter 2025 Results,"SALT LAKE CITY, Aug. 07, 2025 (GLOBE NEWSWIRE) -- Health Catalyst, Inc. (“Health Catalyst,” Nasdaq: HCAT), a leading provider of data and analytics technology and services to healthcare organizations, today reported financial results for the quarter ended Jun…",https://www.globenewswire.com/news-release/2025/08/07/3129631/0/en/Health-Catalyst-Reports-Second-Quarter-2025-Results.html,https://ml.globenewswire.com/Resource/Download/95973775-03d2-4696-b65c-c43ff730af3a,2025-08-07T20:03:00Z,"SALT LAKE CITY, Aug. 07, 2025 (GLOBE NEWSWIRE) -- Health Catalyst, Inc. (Health Catalyst, Nasdaq: HCAT), a leading provider of data and analytics technology and services to healthcare organizations, … [+47200 chars]",healthcare
"{'id': None, 'name': 'GlobeNewswire'}","Progyny, Inc.","Progyny, Inc. Announces Second Quarter 2025 Results","Reports Record Revenue of $332.9 Million, Reflecting 9.5% GrowthGenerates $55.5 Million in Quarterly Operating Cash Flow and Record $105.3 Million over the First Half of 2025 Raises Full Year Guidance to Reflect Continued Increase in Pacing of Member Engageme…",https://www.globenewswire.com/news-release/2025/08/07/3129630/0/en/Progyny-Inc-Announces-Second-Quarter-2025-Results.html,https://ml.globenewswire.com/Resource/Download/1342dacd-99c3-4043-af8a-2fd5e9ea569f,2025-08-07T20:02:00Z,"Reports Record Revenue of $332.9 Million, Reflecting 9.5% GrowthGenerates $55.5 Million in Quarterly Operating Cash Flow and Record $105.3 Million over the First Half of 2025 Raises Full Year Guidanc… [+60920 chars]",healthcare
"{'id': None, 'name': 'GlobeNewswire'}",OptimizeRx Corporation,OptimizeRx Reports Second Quarter 2025 Financial Results and Updates Fiscal Year 2025 Guidance,"WALTHAM, Mass., Aug. 07, 2025 (GLOBE NEWSWIRE) -- OptimizeRx Corp. (the “Company”) (Nasdaq: OPRX), a leading provider of healthcare technology solutions helping life sciences companies reach and engage healthcare professionals (HCPs) and patients, today repor…",https://www.globenewswire.com/news-release/2025/08/07/3129606/0/en/OptimizeRx-Reports-Second-Quarter-2025-Financial-Results-and-Updates-Fiscal-Year-2025-Guidance.html,https://ml.globenewswire.com/Resource/Download/a0504bf7-72fc-4cd4-8489-a207313dbabd,2025-08-07T20:01:00Z,"<ul><li>Q2 revenue of $29.2 million, increased 55% year-over-year</li><li>Q2 gross profit increased 59% year-over-year to $18.6 million</li><li>Paid down $4.5 million of principal on outstanding term… [+32372 chars]",healthcare
"{'id': None, 'name': 'GlobeNewswire'}",Galapagos NV,Galapagos Creates New Subscription Right Plan,"Mechelen, Belgium; August 7, 2025, 22.01 CET; regulated information – Galapagos NV (Euronext & NASDAQ: GLPG) announced today that its  Board of Directors created 1,800,000 subscription rights under a new subscription right plan.",https://www.globenewswire.com/news-release/2025/08/07/3129601/0/en/Galapagos-Creates-New-Subscription-Right-Plan.html,https://ml-eu.globenewswire.com/Resource/Download/13b034e2-76d4-408b-bffb-c80d85420b03,2025-08-07T20:01:00Z,"Mechelen, Belgium; August 7, 2025, 22.01CET; regulated information Galapagos NV (Euronext &amp; NASDAQ: GLPG) announced today that its  Board of Directors created 1,800,000 subscription rights under … [+3489 chars]",healthcare
"{'id': None, 'name': 'GlobeNewswire'}",scPharmaceuticals Inc.,scPharmaceuticals Inc. Reports Second Quarter 2025 Financial Results and Provides Business Update,Generated net FUROSCIX® revenue of $16 million in the second quarter of 2025; up 99% over Q2 2024  Doses shipped to patients increased 45% over Q1 2025...,https://www.globenewswire.com/news-release/2025/08/07/3129629/0/en/scPharmaceuticals-Inc-Reports-Second-Quarter-2025-Financial-Results-and-Provides-Business-Update.html,https://ml.globenewswire.com/Resource/Download/962d4500-7814-4f28-9f65-a20a63224616,2025-08-07T20:01:00Z,"Generated net FUROSCIX® revenue of $16 million in the second quarter of 2025; up 99% over Q2 2024
Doses shipped to patients increased 45% over Q1 2025 and 117% over Q2 2024
Launch of FUROSCIX in ch… [+18142 chars]",healthcare
"{'id': None, 'name': 'Databricks.com'}",,7x Faster Medical Image Ingestion with Python Data Source API,"It has always been a challenge to ingest compressed files at scale. Zipfiles are infamously “unsplittable”; however, we will show this simply isn’t true. Ingest your archive of zipfiles at scale now with a user-defined Python Data Source.",https://www.databricks.com/blog/7x-faster-medical-image-ingestion-python-data-source-api,https://www.databricks.com/sites/default/files/2025-08/faster-medical-image-ingestion-python-data-source-api-blog-og.png,2025-08-07T20:00:00Z,"The Healthcare Data Challenge: Beyond Standard Formats
Healthcare and life sciences organizations deal with an extraordinary diversity of data formats that extend far beyond traditional structured d… [+7843 chars]",healthcare
"{'id': None, 'name': 'Rolling Out'}",Tega Egwabor,Why FDA’s nationwide sweetener recall has everyone scared,Health-conscious consumers across America face an unexpected safety concern as the FDA issues a nationwide recall for NuNaturals sweetener products due to a significant labeling error that could pose health risks. The popular natural sweetener brand accidenta…,https://rollingout.com/2025/08/07/why-fdas-nationwide-sweetener-recall/,https://rollingout.com/wp-content/uploads/2025/08/shutterstock_2606659935-scaled.jpg,2025-08-07T19:59:37Z,Health-conscious consumers across America face an unexpected safety concern as the FDA issues a nationwide recall for NuNaturals sweetener products due to a significant labeling error that could pose… [+7796 chars],healthcare
"{'id': None, 'name': 'Gadget Flow'}",Madhurima Nag,Elitone review: the wearable that does your Kegels for you (so you don’t have to),"Let’s talk about something that most people don’t talk about—but should. No, not the secret Netflix password passed down from generation to generation. We’re talking about stress urinary incontinence. If sneezing, laughing, running, or even walking too fast c…",https://thegadgetflow.com/blog/elitone-review-non-invasive-pelvic-floor-exerciser/,https://thegadgetflow.com/wp-content/uploads/2025/08/Elitone-Non-Invasive-Pelvic-Floor-Exerciser-01-blog-min.jpeg,2025-08-07T19:54:58Z,"Elitone is a discreet, FDA-cleared pelvic floor exerciser that uses gentle electrical stimulation to perform Kegels for you, helping reduce stress urinary incontinence without the need for invasive t… [+5955 chars]",healthcare
"{'id': None, 'name': 'KHQ Right Now'}",Caleb Mcgever,"Providence to close several clinics in Spokane and Stevens County, citing new financial pressures","SPOKANE, Wash. – Providence Inland Northwest announced the closure of several clinics in Spokane and Stevens County, attributing the reason for the change to multiple financial pressures facing healthcare companies.",https://www.khq.com/news/providence-to-close-several-clinics-in-spokane-and-stevens-county-citing-new-financial-pressures/article_8676dfdd-337c-4fef-aba9-66cb564aa1da.html,https://bloximages.newyork1.vip.townnews.com/khq.com/content/tncms/assets/v3/editorial/a/4c/a4cf254b-94c5-552f-99b0-445112502b70/6895035484702.preview.png?crop=1280%2C672%2C0%2C23&resize=1200%2C630&order=crop%2Cresize,2025-08-07T19:54:43Z,"Providence announced Thursday they will be shutting down several programs in Spokane and Stevens counties.
SPOKANE, Wash. Providence Inland Northwest announced the closure of several clinics in Spok… [+2762 chars]",healthcare
"{'id': None, 'name': 'Notebookcheck.net'}",Darryl Linington,AI gets practical: What GPT-5 means for everyday business tasks,"GPT-5 marks a turning point in business AI, moving beyond novelty to become a practical tool across industries. From automating routine tasks to enabling faster decision-making and personalized customer support, the model is helping companies work smarter whi…",https://www.notebookcheck.net/AI-gets-practical-What-GPT-5-means-for-everyday-business-tasks.1082362.0.html,https://www.notebookcheck.net/fileadmin/Notebooks/News/_nc5/Open-AI43.jpg,2025-08-07T19:53:00Z,"As recently as two years ago, generative AI tools were seen largely as experiments... useful for drafting emails or brainstorming content ideas. With the rapid evolution of generative AI models like … [+3556 chars]",healthcare
"{'id': None, 'name': 'Psychology Today'}",Richard Contrada Ph.D.,"Personality, Mental Health, and the Heart: It's a Puzzle",Emotional traits and mental health problems may contribute to heart disease through a direct mind-body connection. What is less clear is how to make use of this knowledge.,https://www.psychologytoday.com/us/blog/a-little-knowledge/202508/personality-mental-health-and-your-heart-its-a-puzzle,https://cdn2.psychologytoday.com/assets/styles/manual_crop_1_91_1_1528x800/public/teaser_image/blog_entry/2025-08/pexels-pixabay-54101.jpg?itok=qM4KkmAY,2025-08-07T19:51:07Z,"My recent review of the research on personality, mental health, and heart disease showed that research continues to support and extend knowledge in this area (Contrada, 2025). Yet the idea that emoti… [+5431 chars]",healthcare
"{'id': None, 'name': 'Rolling Out'}",Miriam Musa,The weight loss pill making headlines – can it be trusted?,"Another day, another miracle weight loss drug making headlines. This time it’s Eli Lilly’s new oral pill that’s got everyone talking, promising significant weight loss without the needles that come with drugs like Wegovy and Ozempic. But before you start goog…",https://rollingout.com/2025/08/07/weight-loss-pill-headlines-trust/,https://rollingout.com/wp-content/uploads/2025/05/shutterstock_2412393925-scaled.jpg,2025-08-07T19:33:32Z,"Another day, another miracle weight loss drug making headlines. This time it’s Eli Lilly’s new oral pill that’s got everyone talking, promising significant weight loss without the needles that come w… [+5722 chars]",healthcare
"{'id': None, 'name': 'Cbinsights.com'}",Adya Pandey,The top 50 venture investors in Germany,"Roughly 1,200 Germany-based investors backed equity deals this year so far, creating a competitive landscape where strategic positioning is crucial.  To differentiate themselves, top German firms like High-Tech Grunderfonds are aggressively pursuing deals in …",https://www.cbinsights.com/research/top-investors-germany/,https://research-assets.cbinsights.com/2025/08/07125919/Germany50List-082025-2.png,2025-08-07T19:32:41Z,"Roughly 1,200 Germany-based investors backed equity deals this year so far, creating a competitive landscape where strategic positioning is crucial. 
To differentiate themselves, top German firms li… [+2492 chars]",healthcare
"{'id': 'newsweek', 'name': 'Newsweek'}",Alexis Kayser,"CHAI CEO Explains Its ""Hardest"" Task: Prior Auth Reform",An inside look at the work to align payers with providers—and close a longstanding leadership gap.,https://www.newsweek.com/chai-ceo-explains-its-hardest-task-prior-auth-reform-2110329,https://d.newsweek.com/en/full/2698503/dr-brian-anderson.jpg,2025-08-07T19:31:10Z,"This is a preview of Access Health—Tap here to get this newsletter delivered straight to your inbox.
Newsweek hosted its first Women's Global Impactforum on Tuesday, and health care was a hot topic.… [+15761 chars]",healthcare
"{'id': None, 'name': 'Memeorandum.com'}",,"VA Just Terminated Most Federal Union Contracts, National Nurses United Included (Angelina Walker/Nurse.org)","Angelina Walker / Nurse.org:
VA Just Terminated Most Federal Union Contracts, National Nurses United Included … In a significant shift affecting approximately 360,000 healthcare workers, the Department of Veterans Affairs (VA) has severed ties with most feder…",https://www.memeorandum.com/250807/p107,https://media.nurse.org/cache/2a/10/2a10e4b70a8c7e898bf21ff1bc816621.png,2025-08-07T19:30:00Z,"memeorandum is an auto-generated summary of the stories that US political commentators are discussing online right now.
Unlike sister sites Techmeme and Mediagazer, it is not a human-edited news out… [+72 chars]",healthcare
"{'id': None, 'name': 'GlobeNewswire'}",Claimable,Claimable Expands Advisory Board with ERISA Litigation Pioneer D. Brian Hufford and Renowned Healthcare Advocate Dr. Elisabeth Potter,Hufford Joins as Senior Legal Advisor; Dr. Potter as Senior Clinical Advisor Hufford Joins as Senior Legal Advisor; Dr. Potter as Senior Clinical Advisor,https://www.globenewswire.com/news-release/2025/08/07/3129569/0/en/Claimable-Expands-Advisory-Board-with-ERISA-Litigation-Pioneer-D-Brian-Hufford-and-Renowned-Healthcare-Advocate-Dr-Elisabeth-Potter.html,https://ml.globenewswire.com/Resource/Download/17e6739e-602d-490c-acdd-4a793817651f,2025-08-07T19:21:00Z,"SACRAMENTO, Calif., Aug. 07, 2025 (GLOBE NEWSWIRE) -- Claimable
, the AI-powered appeals platform redefining how patients challenge insurance denials, today announced the appointment of two national… [+4828 chars]",healthcare
"{'id': 'fox-news', 'name': 'Fox News'}",,New faith group that uses 'psychedelic mushrooms' lands legal win under religious freedom law,Utah faith group Singularism wins preliminary injunction allowing use of psilocybin mushrooms as religious sacrament under state's religious freedom law.,https://www.foxnews.com/us/new-faith-group-uses-psychedelic-mushrooms-lands-legal-win-under-religious-freedom-law,https://static.foxnews.com/foxnews.com/content/uploads/2025/08/religious-mushrooms.jpg,2025-08-07T19:19:25Z,"A new faith group based in Utah that uses ""psychedelic mushrooms"" landed a legal victory this week under the state's religious freedom law. 
Lee Jensen founder of the non-profit known as Singularism… [+4833 chars]",healthcare
"{'id': 'the-times-of-india', 'name': 'The Times of India'}",Global Desk,"Nationwide NuNaturals sweetener recall: FDA warns of dangerous label mix-up—stevia and monk fruit swapped, check your pantry now","NuNaturals recall has sparked concern across the U.S. after the FDA issued a Class II warning over a major labeling mix-up between its stevia and monk fruit sweeteners. Sold nationwide, these mislabeled sugar substitutes may cause temporary health issues for …",https://economictimes.indiatimes.com/news/international/us/nationwide-nunaturals-sweetener-recall-fda-warns-of-dangerous-label-mix-upstevia-and-monk-fruit-swapped-check-your-pantry-now/articleshow/123174340.cms,"https://img.etimg.com/thumb/msid-123174339,width-1200,height-630,imgsize-32878,overlay-economictimes/articleshow.jpg",2025-08-07T19:19:10Z,"NuNaturals, a popular brand known for its plant-based sugar substitutes, is at the center of a growing concern after the FDA issued a nationwide Class II recall due to a mislabeling issue involving t… [+6437 chars]",healthcare
"{'id': 'the-times-of-india', 'name': 'The Times of India'}",Dhruv Mohan,OpenAI introduces ChatGPT 5 - Here's all you need to know,"OpenAI introduces GPT-5, a significant advancement in AI. It excels in coding, math, writing, and healthcare. GPT-5 adapts to user needs, offering fast responses or deep reasoning. It reduces errors and improves instruction following. Available to all ChatGPT…",https://economictimes.indiatimes.com/magazines/panache/openai-introduces-chatgpt-5-features-performance-access-pricing-heres-all-you-need-to-know/articleshow/123174283.cms,"https://img.etimg.com/thumb/msid-123174350,width-1200,height-630,imgsize-1645860,overlay-etpanache/articleshow.jpg",2025-08-07T19:17:02Z,"OpenAI has officially launched GPT-5, marking a major milestone in the evolution of artificial intelligence. Representing a significant leap in capability and intelligence, GPT-5 sets a new standard … [+4438 chars]",healthcare
"{'id': None, 'name': 'GlobeNewswire'}",Brodsky & Smith LLC,"BRODSKY & SMITH SHAREHOLDER UPDATE: Notifying Investors of the Following Investigations: Aris Water Solutions, Inc. (NYSE - ARIS), American Woodmark Corporation (Nasdaq - AMWD), Performant Healthcare, Inc. (Nasdaq - PHLT)","BALA CYNWYD, Pa., Aug. 07, 2025 (GLOBE NEWSWIRE) -- Brodsky & Smith reminds investors of the following investigations. If you own shares and wish to discuss the investigation, contact Jason Brodsky (jbrodsky@brodskysmith.com) or Marc Ackerman (mackerman@brods…",https://www.globenewswire.com/news-release/2025/08/07/3129562/0/en/BRODSKY-SMITH-SHAREHOLDER-UPDATE-Notifying-Investors-of-the-Following-Investigations-Aris-Water-Solutions-Inc-NYSE-ARIS-American-Woodmark-Corporation-Nasdaq-AMWD-Performant-Healthc.html,https://ml.globenewswire.com/Resource/Download/aeea7200-7231-49dd-b4ba-ec680464b28c,2025-08-07T19:07:00Z,"BALA CYNWYD, Pa., Aug. 07, 2025 (GLOBE NEWSWIRE) -- Brodsky &amp; Smith reminds investors of the following investigations. If you own shares and wish to discuss the investigation, contact Jason Brods… [+2644 chars]",healthcare
"{'id': None, 'name': 'International Business Times'}",Callum Turner,The Silent Struggle: Raising Awareness About POTS with Dr. Nicholas Tullo,"Dr. Tullo has spent decades on the frontlines of cardiac care, specializing in arrhythmias and fainting disorders. He has built a career that spans patient care, academic instruction, and clinical research.",https://www.ibtimes.com/silent-struggle-raising-awareness-about-pots-dr-nicholas-tullo-3780455,https://d.ibtimes.com/en/full/4615141/dr-nicholas-tullo.jpg,2025-08-07T19:05:01Z,"Postural tachycardia syndrome (POTS) is a condition many have never heard of, yet it affects a significant and growing segment of the population. It's a syndrome that can leave once-active individual… [+5213 chars]",healthcare
"{'id': None, 'name': 'International Business Times'}",Callum Turner,Secondhand Chemo Is Real: How Jim Mullowney Is Dealing With ChemWaste Crisis From Both People and Business Point of View,"At the center of Pharma-Cycle's innovation is a patented packaging system designed to safely collect and manage human waste contaminated by chemotherapy drugs, waste that continues to emit cytotoxic chemicals long after a patient leaves the clinic.",https://www.ibtimes.com/secondhand-chemo-real-how-jim-mullowney-dealing-chemwaste-crisis-both-people-business-point-3780454,https://d.ibtimes.com/en/full/4615137/jim-mullowney-ceo-founder-pharma-cycle.jpg,2025-08-07T19:00:12Z,"There are hidden costs in modern cancer treatment that few are willing to talk about, and fewer still have the courage to solve. But for Jim Mullowney, CEO and founder of Pharma-Cycle, ignoring them … [+5016 chars]",healthcare
"{'id': 'the-times-of-india', 'name': 'The Times of India'}",Global Desk,OpenAI’s GPT-5 shows potential in healthcare with early cancer detection capabilities,"OpenAI’s new GPT-5 model is demonstrating significant progress in the healthcare space, particularly in early AI cancer detection. According to the company, GPT-5’s ability to interpret complex medical data and offer supportive insights marks a step forward f…",https://economictimes.indiatimes.com/news/international/us/openais-gpt-5-shows-potential-in-healthcare-with-early-cancer-detection-capabilities/articleshow/123173952.cms,"https://img.etimg.com/thumb/msid-123173952,width-1200,height-630,imgsize-111460,overlay-economictimes/articleshow.jpg",2025-08-07T18:54:41Z,"OpenAIs latest language model, GPT-5, is showing measurable progress in the field of healthcare, specifically in AI cancer detection and medical support. During its official launch event, OpenAI show… [+2219 chars]",healthcare
"{'id': None, 'name': 'Ndtvprofit.com'}",PTI,"Centre Approves Rs 375.71 Crore For Road, Bridge Projects In Chhattisgarh Under PM JANMAN Scheme","The Centre has sanctioned Rs 375.71 crore to Chhattisgarh under phase-II of the Prime Minister's JANMAN scheme for the construction of roads and bridges in tribal and remote areas, a state government official said on Thursday. Chief Minister Vishnu Deo Sai th…",https://www.ndtvprofit.com/nation/centre-approves-rs-37571-crore-for-road-bridge-projects-in-chhattisgarh-under-pm-janman-scheme,https://media.assettype.com/bloombergquint%2F2025-08-07%2Fqg4zglcd%2Fphoto-1461723198950-3f65e13bb031.avif?w=1200&auto=format%2Ccompress&ogImage=true,2025-08-07T18:53:02Z,"""The PM Janman Yojana has been designed to ensure remote tribal regions are brought into the mainstream through enhanced access to roads, healthcare, education, and economic opportunities. The road a… [+148 chars]",healthcare
"{'id': None, 'name': 'Openai.com'}",,GPT-5 prompting guide | OpenAI Cookbook,"Anoop Kotha(OpenAI), Julian Lee(OpenAI), Eric Zakariasson, et al. GPT-5, our newest flagship model, represents a substantial leap forward in agentic task performance, coding, raw intelligence, and steerability. While we trust it will perform excellently “out …",https://cookbook.openai.com/examples/gpt-5/gpt-5_prompting_guide,"https://cookbook-qqh3qetw0-openai.vercel.app/og?title=GPT-5%20prompting%20guide&tags=gpt-5,reasoning,responses",2025-08-07T18:50:25Z,"GPT-5, our newest flagship model, represents a substantial leap forward in agentic task performance, coding, raw intelligence, and steerability.
While we trust it will perform excellently out of the… [+46574 chars]",healthcare
"{'id': None, 'name': 'Yahoo Entertainment'}",Simply Wall St,Returns Are Gaining Momentum At ReposiTrak (NYSE:TRAK),NYSE:TRAK 1 Year Share Price vs Fair Value Explore ReposiTrak's Fair Values from the Community and select yours To find...,https://finance.yahoo.com/news/returns-gaining-momentum-repositrak-nyse-184144574.html,https://media.zenfs.com/en/simply_wall_st__316/41bdd0c670f621394929d5266c5d6c72,2025-08-07T18:41:44Z,"Explore ReposiTrak's Fair Values from the Community and select yours
To find a multi-bagger stock, what are the underlying trends we should look for in a business? Amongst other things, we'll want t… [+3387 chars]",healthcare
"{'id': None, 'name': 'Premium Times'}",Agency Report,"NAFDAC reiterates support for breastfeeding, warns against marketing breast milk substitutes",He explained that the approach ensured optimal nutrition and supported the healthy development of Nigerian infants.,https://www.premiumtimesng.com/health/health-news/812706-nafdac-reiterates-support-for-breastfeeding-warns-against-marketing-breast-milk-substitutes.html,https://media.premiumtimesng.com/wp-content/files/2024/09/NAFDAC.png,2025-08-07T18:41:34Z,"The National Agency for Food and Drug Administration and Control (NAFDAC), Bauchi State office, has reaffirmed its commitment to promoting and protecting breastfeeding through effective advocacy and … [+2837 chars]",healthcare
"{'id': 'the-times-of-india', 'name': 'The Times of India'}",Global Desk,"OpenAI drops GPT‑5: The most powerful, human-like AI yet—are PhD-level minds now just a tap away? Here’s pricing and availability","OpenAI GPT-5 is here, and it’s a total game-changer in the world of AI. Designed to feel like a team of PhD-level experts in your pocket, GPT-5 brings faster answers, smarter conversations, and powerful features like vibecoding—which lets you build apps with …",https://economictimes.indiatimes.com/news/international/us/openai-drops-gpt5-the-most-powerful-human-like-ai-yetare-phd-level-minds-now-just-a-tap-away-heres-pricing-and-availability/articleshow/123172950.cms,"https://img.etimg.com/thumb/msid-123172945,width-1200,height-630,imgsize-8362,overlay-economictimes/articleshow.jpg",2025-08-07T18:38:55Z,"OpenAIs GPT-5 is finally hereand its more powerful, faster, and smarter than anything before it. This game-changing artificial intelligence model promises a revolution in how we work, create, and int… [+6806 chars]",healthcare
"{'id': None, 'name': 'Commercial Observer'}",Jechikson,Skincare Company Galderma Takes 19K-SF at Miami’s 801 Brickell,"Skincare company Galderma signed a 19,000-square-foot lease at Miami’s 801 Brickell office building to establish a U.S. headquarters, sources with knowledge of the deal told Commercial Observer.  The firm — which owns skincare brands Cetaphil and Differin as …",http://commercialobserver.com/2025/08/galderma-miami-801-brickell/,https://commercialobserver.com/wp-content/uploads/sites/3/2025/08/801-Brickell-Ave-RF-GettyImages-2155537018-WEB.jpg?quality=80&w=1200&h=630&crop=1,2025-08-07T18:35:27Z,"Skincare company Galderma signed a 19,000-square-foot lease at Miamis 801 Brickell office building to establish a U.S. headquarters, sources with knowledge of the deal told Commercial Observer. 
The… [+1149 chars]",healthcare
"{'id': None, 'name': 'Sky.com'}",Tom Clarke,OpenAI releases long-awaited AI chatbot upgrade,It's been one of the most highly anticipated launches in Silicon Valley after OpenAI's first offering ChatGPT - powered by its GPT-3 model - kick-started the current AI boom in late 2022.,https://news.sky.com/story/openai-releases-long-awaited-gpt-5-ai-chatbot-upgrade-13408324,https://e3.365dm.com/25/08/1600x900/skynews-chatgpt-gpt-5_6985155.jpg?20250807213020,2025-08-07T18:33:00Z,"GPT-5, the long-awaited upgrade to the ChatGPT AI chatbot, has been released by its maker OpenAI.
It has been one of the most highly anticipated launches in Silicon Valley after OpenAI's first offer… [+3198 chars]",healthcare
"{'id': None, 'name': 'GlobeNewswire'}","J-Star Holding Co., Ltd",J-Star Holding Announces Closing of Underwriters’ Over-Allotment Option in Connection with Initial Public Offering,"TAICHUNG CITY, Taiwan, Aug. 07, 2025 (GLOBE NEWSWIRE) -- J-Star Holding Co., Ltd. (“J-Star” or the “Company”), a leading provider of innovative carbon fiber and composite solutions across a wide range of applications including personal sports equipment, healt…",https://www.globenewswire.com/news-release/2025/08/07/3129554/0/en/J-Star-Holding-Announces-Closing-of-Underwriters-Over-Allotment-Option-in-Connection-with-Initial-Public-Offering.html,https://ml.globenewswire.com/Resource/Download/1a4c6faf-93be-4d28-a35f-1df9c4f0404e,2025-08-07T18:30:00Z,"TAICHUNG CITY, Taiwan, Aug. 07, 2025 (GLOBE NEWSWIRE) -- J-Star Holding Co., Ltd. (J-Star or the Company), a leading provider of innovative carbon fiber and composite solutions across a wide range of… [+4368 chars]",healthcare
"{'id': None, 'name': 'GlobeNewswire'}",Longeviti Neuro Solutions,"Tim Scannell, Former Stryker President & COO, Named Chair of Longeviti Neuro Solutions Amid $10M Capital Infusion From Soleus Capital",Longeviti Neuro Solutions announces Tim Scannell as Chair of its Board and a $10M strategic capital partnership with Soleus Capital.......,https://www.globenewswire.com/news-release/2025/08/07/3129553/0/en/Tim-Scannell-Former-Stryker-President-COO-Named-Chair-of-Longeviti-Neuro-Solutions-Amid-10M-Capital-Infusion-From-Soleus-Capital.html,https://ml.globenewswire.com/Resource/Download/f14b8f44-c671-4c26-acab-b1d6bf630fbc,2025-08-07T18:20:00Z,"BALTIMORE, Aug. 07, 2025 (GLOBE NEWSWIRE) -- Longeviti Neuro Solutions, a neurotechnology company with a focus on innovative platform solutions for complex brain disorders, today announces the appoin… [+4969 chars]",healthcare
"{'id': None, 'name': 'GlobeNewswire'}",JobsOhio,State of Ohio Welcomes BETA Technologies’ Aircraft,"JobsOhio hosted an event to showcase and demonstrate BETA’s ALIA aircraft in flight, taking another step toward bringing advanced air mobility to the state JobsOhio hosted an event to showcase and demonstrate BETA’s ALIA aircraft in flight, taking another ste…",https://www.globenewswire.com/news-release/2025/08/07/3129552/0/en/State-of-Ohio-Welcomes-BETA-Technologies-Aircraft.html,https://ml.globenewswire.com/Resource/Download/65ae4b67-1e71-41bf-b481-1a56765818e3,2025-08-07T18:18:00Z,"Columbus, Ohio, Aug. 07, 2025 (GLOBE NEWSWIRE) -- Today, the state of Ohio welcomed BETA Technologies, an aerospace company manufacturing electric aircraft and infrastructure, to complete a flight de… [+7425 chars]",healthcare
"{'id': 'newsweek', 'name': 'Newsweek'}",Jesus Mesa,"With Eyes on 2028, Democratic Governors Rip Page From Trump Playbook","Three top Democratic governors—JB Pritzker, Gavin Newsom, and Tim Walz—are limiting health care for illegal immigrants, citing budget constraints.",https://www.newsweek.com/newsom-pritzker-walz-immigration-health-care-2110290,https://d.newsweek.com/en/full/2698366/pritzker-newsom-walz.jpg,2025-08-07T18:10:51Z,"Three of the Democratic Party's highest-profile governors—California's Gavin Newsom, Illinois' JB Pritzker and Minnesota's Tim Walz—are taking a page from President Donald Trump's playbook by rolling… [+5860 chars]",healthcare
"{'id': 'the-times-of-india', 'name': 'The Times of India'}",ET Online,Stacking supplements for faster results? Experts warn the wrong combinations can backfire,Supplement stacking is gaining popularity. People are mixing multiple vitamins. Experts warn about potential health risks. Mixing supplements can reduce effectiveness. Some combinations can cause harmful reactions. Zinc and calcium should not be taken togethe…,https://economictimes.indiatimes.com/magazines/panache/stacking-supplements-for-faster-results-experts-warn-the-wrong-combinations-can-backfire/articleshow/123172416.cms,"https://img.etimg.com/thumb/msid-123172615,width-1200,height-630,imgsize-1007611,overlay-etpanache/articleshow.jpg",2025-08-07T18:08:12Z,"In a world obsessed with optimization, taking a single daily multivitamin seems passé. Now, millions are turning to supplement stackinga trend where multiple vitamins, minerals, and herbal boosters a… [+3638 chars]",healthcare
"{'id': None, 'name': 'JD Supra'}",Troutman Amin,WHOA! MASSIVE $140 MILLION JUDGMENT AGAINST ASSURANCE IQ: FTC Slams Assurance IQ for Misleading Health Plan Marketing in Violation of the FTC Act and Telemarketing Sales Rule,WHOA! MASSIVE $140 MILLION JUDGMENT AGAINST ASSURANCE IQ: FTC Slams Assurance IQ for Misleading Health Plan Marketing in Violation of the FTC Act and Telemarketing Sales Rulejdsupra.com,https://www.jdsupra.com/legalnews/whoa-massive-140-million-judgment-4184981/,https://jdsupra-static.s3.amazonaws.com/profile-images/og.16374_4935.jpg,2025-08-07T18:07:30Z,"[author: Puja J. Amin]
The FTC announced today a $100 million judgment against Assurance IQ for alleged deceptive practices targeting consumers seeking health insurance.
The FTC initiated the compl… [+2243 chars]",healthcare
"{'id': None, 'name': 'Boston Herald'}",David Matthews,Former X CEO Linda Yaccarino named top exec of weight-loss company,"Linda Yaccarino, the former X CEO, has been named the top executive at health company eMed.",https://www.bostonherald.com/2025/08/07/linda-yaccarino-emed-ceo-new-job-x-elon-musk/,https://www.bostonherald.com/wp-content/uploads/2025/08/AP25190542703211.jpg?w=1024&h=682,2025-08-07T18:06:23Z,"Linda Yaccarino, the former X CEO who left the social media company last month in the wake of yet another Elon Musk controversy, has been named the top executive at health company eMed.
eMed Populat… [+1464 chars]",healthcare
"{'id': None, 'name': 'GlobeNewswire'}",WittKieffer,WittKieffer Announces New Board Member Chris Lowney,"Oak Brook, Illinois, Aug. 07, 2025 (GLOBE NEWSWIRE) -- WittKieffer, the premier executive search and leadership advisory firm improving quality of life through impactful leadership, today announced the appointment of Chris Lowney to its Board of Directors. Lo…",https://www.globenewswire.com/news-release/2025/08/07/3129545/0/en/WittKieffer-Announces-New-Board-Member-Chris-Lowney.html,https://ml.globenewswire.com/Resource/Download/d1e418f2-aa63-4895-8865-9a8867617b0a,2025-08-07T18:01:00Z,"Oak Brook, Illinois, Aug. 07, 2025 (GLOBE NEWSWIRE) -- WittKieffer, the premier executive search and leadership advisory firm improving quality of life through impactful leadership, today announced t… [+3151 chars]",healthcare
"{'id': None, 'name': 'GlobeNewswire'}",Lyric,"Meera Atkins, MD, MBA, FACOG Joins Lyric as Chief Medical Officer",The appointment reinforces Lyric's committment to clinical innovation and AI-driven content efficiencies in payment integrity The appointment reinforces Lyric's committment to clinical innovation and AI-driven content efficiencies in payment integrity,https://www.globenewswire.com/news-release/2025/08/07/3129540/0/en/Meera-Atkins-MD-MBA-FACOG-Joins-Lyric-as-Chief-Medical-Officer.html,https://ml.globenewswire.com/Resource/Download/a4cd7823-7762-48c6-80bb-11dbbc35e0dd,2025-08-07T18:00:00Z,"Philadelphia, Aug. 07, 2025 (GLOBE NEWSWIRE) -- Lyric, a market leading, AI-first healthcare technology company, today announced the appointment of Meera Kataria Atkins, MD, MBA, FACOG as its first-e… [+3227 chars]",healthcare
"{'id': None, 'name': 'In These Times'}",Asha Ransby-Sporn,"Zohran Mamdani, Black Voters and the Left","Looked at closely, Mamdani’s campaign shows the crucial role—and potential—of Black voters in America’s insurgent left political coalition.",https://inthesetimes.com/article/zohran-mamdani-black-voters-the-left-nyc-mayor,https://s3.us-east-1.amazonaws.com/in-these-times/_1200x630_crop_center-center_82_none/GettyImages-2214144856.jpg?mtime=1754588340,2025-08-07T18:00:00Z,Socialist Zohran Mamdani beat establishment Democrat and former New York Gov. Andrew Cuomo in the New York City mayoral primary by nearly 13 points with a platform centered on affordabilityfast and f… [+11031 chars],healthcare
"{'id': None, 'name': 'New Zealand Herald'}",Megan Wilson,Chronic fatigue syndrome: Tauranga father ‘confined’ to bedroom,"In February, Will Devery 'ended up in bed and didn’t get out'.",https://www.nzherald.co.nz/bay-of-plenty-times/news/chronic-fatigue-syndrome-tauranga-father-confined-to-bedroom/4XC4IBFXQ5AE7HIZYCEMYV3DH4/,https://www.nzherald.co.nz/resizer/v2/VGTV6C24VVAINF2ZGZISRHO6FQ.jpg?auth=c8508edb64a675ed205bf39b6ca8df9295d381e47397a0c18329849c04c91cfb&width=1200&height=675&quality=70&focal=1243%2C723&smart=false,2025-08-07T18:00:00Z,"The hardest part was seeing everyone moving forward with their lives, but Im stuck here.
Will and his wife, Hannah Devery, spoke to the Bay of Plenty Times ahead of Severe ME Day today. 
About 65,0… [+4099 chars]",healthcare
"{'id': None, 'name': 'Wccftech'}",Ezza Ijaz,"OpenAI Rolls Out GPT-5 To All ChatGPT Users As Sam Altman Hails It The Best Model Ever For Writing, Coding, And Human-Level Reasoning","OpenAI has officially rolled out its most advanced AI model yet, the GPT-5, after a year of building up its hype. It is being made available to all ChatGPT users and developers. CEO Sam Altman compared the debut of the model to the moment the first iPhone cam…",https://wccftech.com/openai-rolls-out-gpt-5-to-all-chatgpt-users-as-sam-altman-hails-it-the-best-model-ever/,https://cdn.wccftech.com/wp-content/uploads/2025/08/OpenAI-wallpaper-e1722418796222.jpg,2025-08-07T17:57:28Z,"OpenAI has officially rolled out its most advanced AI model yet, the GPT-5, after a year of building up its hype. It is being made available to all ChatGPT users and developers. CEO Sam Altman compar… [+2767 chars]",healthcare
"{'id': None, 'name': 'GlobeNewswire'}",Allsup,"Allsup Veterans Appeal Team Advocates For Veterans Amid Low Ratings, Denials, Greater Complexity In VA Appeals",Allsup Veterans Appeals℠ helps veterans challenge low ratings and navigate evolving VA disability system Allsup Veterans Appeals℠ helps veterans challenge low ratings and navigate evolving VA disability system,https://www.globenewswire.com/news-release/2025/08/07/3129537/0/en/Allsup-Veterans-Appeal-Team-Advocates-For-Veterans-Amid-Low-Ratings-Denials-Greater-Complexity-In-VA-Appeals.html,https://ml.globenewswire.com/Resource/Download/2439a26e-5300-4303-bda2-eaf5f94bc593,2025-08-07T17:55:00Z,"Belleville, Illinois, Aug. 07, 2025 (GLOBE NEWSWIRE) -- Allsup, a nationwide disability benefits advocate, and its Allsup Veterans Appeals (AVA) are committed to supporting veterans as they navigate … [+4197 chars]",healthcare
"{'id': None, 'name': 'GlobeNewswire'}",Zion Market Research,Breathable Films Market Size Will Surpass USD 31.44 Billion by 2034 Registering a Promising CAGR of 5.95% - Exclusive Report by Zion Market Research,"[212+ Pages Report] The global breathable films market size is projected to reach USD 31.44 billion by 2034 from its value of USD 19.80 billion in 2024, at a CAGR of 5.95% during the forecast period, according to Zion Market Research. [212+ Pages Report] The …",https://www.globenewswire.com/news-release/2025/08/07/3129536/0/en/Breathable-Films-Market-Size-Will-Surpass-USD-31-44-Billion-by-2034-Registering-a-Promising-CAGR-of-5-95-Exclusive-Report-by-Zion-Market-Research.html,https://ml.globenewswire.com/Resource/Download/1f4cf0ab-7d76-4136-a6dc-a5545f80f538,2025-08-07T17:54:00Z,"NEW YORK, USA, Aug. 07, 2025 (GLOBE NEWSWIRE) -- Zion Market Research has published a new research report titled Breathable Films Market By Film Type (Microporous, Microvoided, Non-porous), By Raw Ma… [+14537 chars]",healthcare
"{'id': None, 'name': 'Forbes'}","Shelley Zalis, Senior Contributor, 
 Shelley Zalis, Senior Contributor
 https://www.forbes.com/sites/shelleyzalis/people/shelleyzalis/",Who AI Sees: Bridging The Gender Gap In Tech Prompting,"Who AI Sees explores how gendered prompting impacts AI responses, and why inclusive design is key to making AI work for everyone.",https://www.forbes.com/sites/shelleyzalis/2025/08/07/who-ai-sees-bridging-the-gender-gap-in-tech-prompting/,https://imageio.forbes.com/specials-images/imageserve/689272f6e44f1709b35e2dc5/0x0.jpg?format=jpg&height=900&width=1600&fit=bounds,2025-08-07T17:53:09Z,"Bridging The Gender Gap In Tech Prompting
Kaboompics.com / Pexels
AI is changing the way we access knowledge, make decisions, and express ourselves. But how we interact with AI reveals something de… [+3176 chars]",healthcare
"{'id': None, 'name': 'GlobeNewswire'}",AnswerThis.io,"AnswerThis.io Launches Unified AI Platform for Researchers, Discovery, Analysis, and Synthesis in One Tool.","AnswerThis.io, an AI-powered research assistant designed to accelerate knowledge discovery, provides researchers, consultants, and academic professionals with a unified AI platform to interact with complex information AnswerThis.io, an AI-powered research ass…",https://www.globenewswire.com/news-release/2025/08/07/3129533/0/en/AnswerThis-io-Launches-Unified-AI-Platform-for-Researchers-Discovery-Analysis-and-Synthesis-in-One-Tool.html,https://ml.globenewswire.com/Resource/Download/b36b556b-4799-454d-b141-48996c48d527,2025-08-07T17:52:00Z,"RICHMOND, Va., Aug. 07, 2025 (GLOBE NEWSWIRE) -- In the latest news, AnswerThis.io launches a unified AI platform for researchers, discovery, analysis, and synthesis in one tool. By combining access … [+3739 chars]",healthcare
"{'id': None, 'name': 'GlobeNewswire'}",Zion Market Research,"[Latest] Global Women’s Health Rehabilitation Products Market Size Envisioned at USD 9.68 Billion by 2034, Increasing a CAGR of 6.6% | Healthcare Revolution","The global women’s health rehabilitation products market size was valued at USD 5.11 billion in 2024 and is expected to surpass USD 9.68 billion by 2034, registering a CAGR of 6.6% during the forecast period (2025- 2034). The global women’s health rehabilitat…",https://www.globenewswire.com/news-release/2025/08/07/3129534/0/en/Latest-Global-Women-s-Health-Rehabilitation-Products-Market-Size-Envisioned-at-USD-9-68-Billion-by-2034-Increasing-a-CAGR-of-6-6-Healthcare-Revolution.html,https://ml.globenewswire.com/Resource/Download/1f4cf0ab-7d76-4136-a6dc-a5545f80f538,2025-08-07T17:52:00Z,"NEW YORK, USA, Aug. 07, 2025 (GLOBE NEWSWIRE) -- Zion Market Research has published a new research report titled Women's Health Rehabilitation Products Market By Product (Breast Cancer Care, Chronic … [+14079 chars]",healthcare
"{'id': None, 'name': 'GlobeNewswire'}","Philadelphia Works, Inc.","$392,572 State Investment Fuels Philadelphia Works’ “CyberPath PA”",Apprenticeship to Train the Region’s Next Information Security Analysts Apprenticeship to Train the Region’s Next Information Security Analysts,https://www.globenewswire.com/news-release/2025/08/07/3129532/0/en/392-572-State-Investment-Fuels-Philadelphia-Works-CyberPath-PA.html,https://ml.globenewswire.com/Resource/Download/1eda1d17-363c-4200-98ab-1cbe35a372cd,2025-08-07T17:52:00Z,"Philadelphia, PA, Aug. 07, 2025 (GLOBE NEWSWIRE) -- Philadelphia Works has secured a $392,572 PAsmart grant from the Pennsylvania Department of Labor &amp; Industry (L&amp;I) to launch CyberPath PA, … [+3101 chars]",healthcare
"{'id': None, 'name': 'Lesswrong.com'}",thiccythot,state of the machine,"Published on August 7, 2025 5:50 PM GMTIn the 1800s horses supplied roughly half of all mechanical labor in the US1
. Horses let farmers work ten times more farmland, hauled transit cars, freight, and mail. In the 1880s, a quarter of US cropland grew oats an…",https://www.lesswrong.com/posts/mqZkfrh3XhXXTw6gy/state-of-the-machine,"https://res.cloudinary.com/lesswrong-2-0/image/upload/f_auto,q_auto/v1/mirroredImages/mqZkfrh3XhXXTw6gy/fwyyu2mvjkas24px1h0h",2025-08-07T17:50:21Z,"In the 1800s horses supplied roughly half of all mechanical labor in the US1
. Horses let farmers work ten times more farmland, hauled transit cars, freight, and mail. In the 1880s, a quarter of US … [+11330 chars]",healthcare
"{'id': None, 'name': 'Freerepublic.com'}",Townhall.com,"Governor Shapiro Joins Lawsuit to Block Trump’s Ban on Child Sex Changes, Slams Women’s Sports Bill",A potential 2028 Democratic presidential nominee has joined a lawsuit that would block President Trump from placing a ban on sex change surgeries for minors. He then took it even farther and criticized his state's Senate bill that would ban biological men fro…,https://freerepublic.com/focus/f-news/4333255/posts,,2025-08-07T17:46:34Z,"Skip to comments.
Governor Shapiro Joins Lawsuit to Block Trumps Ban on Child Sex Changes, Slams Womens Sports BillTownhall.com ^
 | 7 August AD. 2025
 | Dmitri Bolt
Posted on 08/07/2025 10:46:34… [+4476 chars]",healthcare
"{'id': None, 'name': 'Biztoc.com'}",reuters.com,Zimmer Biomet raises annual profit forecast on lower tariff impact,,https://biztoc.com/x/d03575ee8baf5901,https://biztoc.com/cdn/d03575ee8baf5901_s.webp,2025-08-07T17:46:24Z,"{ window.open(this.href, '_blank'); }, 200); return false;""&gt;Why did Trump impose new tariffs today? { window.open(this.href, '_blank'); }, 200); return false;""&gt;How will 100% chip tariffs affect… [+754 chars]",healthcare
"{'id': None, 'name': 'KCRG'}",Brooklyn Draisey,Grand View University incorporates mental health training into nursing degree,Grand View University in Des Moines has become the first university in Iowa to partner with the National Alliance on Mental Illness (NAMI) to embed its provider certification into the college’s nursing program.,https://www.kcrg.com/2025/08/07/grand-view-university-incorporates-mental-health-training-into-nursing-degree/,https://gray-kcrg-prod.gtv-cdn.com/resizer/v2/RVCHYGY7WFELBPJOR6CKT3TVAY.PNG?auth=1528b7fa2c57b42951794ac3adb7d1082ccb1bb9d5117c1bfac819a95695b006&width=1200&height=600&smart=false&focal=438%2C256,2025-08-07T17:44:49Z,"DES MOINES, Iowa (IOWA CAPITAL DISPATCH) - Grand View University in Des Moines has become the first university in Iowa to partner with the National Alliance on Mental Illness (NAMI) to embed its prov… [+2513 chars]",healthcare
"{'id': None, 'name': 'Newsbreak.com'}",Laura J. Nelson,Millions of Californians may lose health coverage because of new Medicaid work requirements - NewsBreak,"The nation's first mandated work requirement for Medicaid recepients, approved by the Republican-led Congress and signed by President Trump, is expected to",https://www.newsbreak.com/share/4161360781217-millions-of-californians-may-lose-health-coverage-because-of-new-medicaid-work-requirements?s=a2&amp;share_destination_id=MzIxMDgwNTMyLTE3NTQ1ODc5MjM1MzY%3D&amp;pd=0LjDiGMs&amp;hl=en_US&amp;send_time=1754587923&amp;actBtn=topBar&amp;_f=app_share&amp;trans_data=%7B%22platform%22%3A1%2C%22cv%22%3A%2225.31.0%22%2C%22languages%22%3A%22en%22%7D&amp;sep=ns_foryou_blend_exp_25q3-v1%2Cns_foryou_recall_exp_25q3-v8%2Cns_foryou_rank_exp_25q3-v6%2Cns_foryou_model_exp_25q3-v7,https://img.particlenews.com/img/id/13y2Bq_13Z4jNIc00,2025-08-07T17:32:33Z,"The nation's first mandated work requirement for Medicaid recipients, approved by the Republican-led Congress and signed by President Trump, is expected to have a seismic effect in California.
One e… [+7029 chars]",healthcare
"{'id': 'the-times-of-india', 'name': 'The Times of India'}",Global Desk,OpenAI’s next-generation ChatGPT-5 is here — is this the AI moment we’ve all been waiting for?,"OpenAI GPT-5 is finally here, and it's the most powerful AI model OpenAI has ever released. With smarter memory, deeper reasoning, and more human-like conversations, GPT-5 is already changing how we use AI at work, in schools, and in creative projects. This n…",https://economictimes.indiatimes.com/news/international/us/openais-next-generation-chatgpt-5-is-here-is-this-the-ai-moment-weve-all-been-waiting-for/articleshow/123171327.cms,"https://img.etimg.com/thumb/msid-123171674,width-1200,height-630,imgsize-29698,overlay-economictimes/articleshow.jpg",2025-08-07T17:32:05Z,"OpenAI introduces GPT-5, its most powerful AI model yet- OpenAI has officially launched its most advanced artificial intelligence model to dateGPT-5, the successor to the widely used GPT-4. This late… [+7466 chars]",healthcare
"{'id': None, 'name': 'pymnts.com'}",PYMNTS,Peloton Pivots to ‘Healthspan’ Strategy of Holistic Wellness,"Peloton is repositioning itself as a holistic wellness brand, expanding beyond its origins in connected fitness as part of a broader turnaround strategy to return to growth and sustainable profitability. [contact-form-7] “We are coming to understand better th…",http://www.pymnts.com/earnings/2025/peloton-pivots-to-healthspan-strategy-of-holistic-wellness/,https://www.pymnts.com/wp-content/uploads/2022/02/Peloton-1.jpg,2025-08-07T17:30:13Z,"Peloton is repositioning itself as a holistic wellness brand, expanding beyond its origins in connected fitness as part of a broader turnaround strategy to return to growth and sustainable profitabil… [+4459 chars]",healthcare
"{'id': None, 'name': 'Forbes'}","Gerui Wang, Contributor, 
 Gerui Wang, Contributor
 https://www.forbes.com/sites/geruiwang/",Google’s Free AI for Colleges: Why Tech Giants Must Upskill Society,"Google made Gemini 2.5 Pro free for students. It's indeed the time for AI companies to upskill society. But will AI help students learn, or just do the work for them?",https://www.forbes.com/sites/geruiwang/2025/08/07/googles-free-ai-for-colleges-why-tech-giants-must-upskill-society/,https://imageio.forbes.com/specials-images/imageserve/6894ddf4a7b1f61e696fa265/0x0.jpg?format=jpg&height=900&width=1600&fit=bounds,2025-08-07T17:29:46Z,"NEW YORK, NEW YORK - DECEMBER 04: Sundar Pichai, C.E.O. of Google and Alphabet, speaks during the New York Times annual DealBook summit at Jazz at Lincoln Center on December 04, 2024 in New York City… [+6576 chars]",healthcare
"{'id': None, 'name': 'Newsbreak.com'}",Eric Garcia,Trump slashed Medicaid — now he’s got another health care crisis looming - NewsBreak,"President Donald Trump and congressional Republicans are trying to sell the American public on their “ One Big, Beautiful Bill ” despite the fact many Amer",https://www.newsbreak.com/share/4160324298365-trump-slashed-medicaid-now-he-s-got-another-health-care-crisis-looming?s=a2&amp;share_destination_id=MTg1NDMxNjAyLTE3NTQ1ODc1NzY4ODc%3D&amp;pd=0CY3EI2n&amp;hl=en_US&amp;send_time=1754587576&amp;actBtn=bottomBar&amp;_f=app_share&amp;trans_data=%7B%22platform%22%3A1%2C%22cv%22%3A%2225.31.0%22%2C%22languages%22%3A%22en%22%7D&amp;sep=ns_foryou_model_exp_25q3-v5%2Cns_foryou_blend_exp_25q3-v2%2Cns_foryou_recall_exp_25q3-control%2Cns_foryou_rank_exp_25q3-v2,https://img.particlenews.com/img/id/0KNOoR_13Y1wDir00,2025-08-07T17:26:49Z,"President Donald Trump and congressional Republicans are trying to sell the American public on their One Big, Beautiful Bill despite the fact many Americans, and even members in their own conference,… [+4669 chars]",healthcare
"{'id': 'the-times-of-india', 'name': 'The Times of India'}",Global Desk,"ChatGPT-5 launched: A modular, multi-modal leapA—will OpenAI’s most powerful AI transform coding, health, and education forever now?","ChatGPT-5 launched and it’s already creating waves across tech, health, and education. OpenAI’s latest and most advanced AI model is a modular, multi-modal breakthrough, capable of handling complex tasks with unmatched speed and context. From helping develope…",https://economictimes.indiatimes.com/news/international/us/chatgpt-5-launched-a-modular-multi-modal-leapwill-openais-most-powerful-ai-transform-coding-health-and-education-forever-now/articleshow/123171329.cms,"https://img.etimg.com/thumb/msid-123171556,width-1200,height-630,imgsize-582498,overlay-economictimes/articleshow.jpg",2025-08-07T17:26:38Z,"OpenAI has officially launched ChatGPT-5, its most advanced and versatile AI model to date and its already being called a game-changer. With modular architecture, real-time reasoning, and true multi-… [+4460 chars]",healthcare
